name,box_size,pc_per_arcsec,n_fit_points,relative_uncertainty,redchi,quality_score,quality_class,r0,sig2,m,s0,noise,r_fit_max,r0_over_rfitmax,s0_arcsec,noise_fraction,r0_frac_uncertainty,sig2_frac_uncertainty,s0_frac_uncertainty,noise_frac_uncertainty,m_abs_uncertainty,max_residual_run,n_active_flags,active_flags,r0_near_bound,sig2_near_bound,m_near_bound,s0_near_bound,noise_near_bound,large_r0_uncertainty,large_sig2_uncertainty,large_s0_uncertainty,large_noise_uncertainty,large_m_uncertainty,redchi_too_low,redchi_too_high,r0_larger_than_fit_range,r0_much_larger_than_fit_range,large_s0_arcsec,large_noise_fraction,systematic_residuals
LVM-30Dor-6563_A,165.833737799734,0.2424068405547679,26,0.1005678593749999,0.9033455507115756,9,D,13.12405717676442,203.20153139611205,1.999999996515646,0.0242407159552362,20.01255037507227,81.33232214515564,0.1613633649035818,0.1000001315959539,0.2884545406187221,0.0912995796886036,0.1091892783519012,13.65316473367884,0.8905986029225624,0.3052236658507841,8,5,m_near_bound; s0_near_bound; large_s0_uncertainty; large_m_uncertainty; systematic_residuals,False,False,True,True,False,False,False,True,False,True,False,False,False,False,False,False,True
LVM-30Dor-6563_B1,166.0377502241278,0.2424068405547679,26,0.0760437499999999,0.7878933311564147,6,C,8.02314190846884,31.466485827989565,1.745676195445249,0.0242406995504183,2.465100669825828,81.33247073177647,0.0986462336171746,0.1000000639212223,0.1273463031303122,0.1224423787173702,0.0930568673709008,13.665571340126917,2.2975796726308606,0.2768398609904721,4,4,s0_near_bound; large_s0_uncertainty; large_noise_uncertainty; systematic_residuals,False,False,False,True,False,False,False,True,True,False,False,False,False,False,False,False,True
LVM-30Dor-6563_B2,165.07852532806567,0.2424068405547679,26,0.05,0.6783536043374557,9,D,13.149165079026956,20.681245762468116,1.42660540406305,0.3636102310179756,0.5046859250292184,81.33249258479559,0.1616717336594339,1.499999877007694,0.0770341820493396,0.0885424082176216,0.0884465865049191,0.9072923911972404,3.2552148999016826,0.2359451466111526,4,6,s0_near_bound; noise_near_bound; large_s0_uncertainty; large_noise_uncertainty; large_s0_arcsec; systematic_residuals,False,False,False,True,True,False,False,True,True,False,False,False,False,False,True,False,True
LVM-30Dor-6563_B3,166.24014918474907,0.2424068405547679,26,0.05,0.748781203950568,8,D,14.645698265194458,57.7080055882812,1.5535819523259191,0.3636102603263677,2.2781452685660364,81.33246305592324,0.1800719874316882,1.49999999791349,0.1307236923313033,0.0749176987504859,0.0752958497054835,0.9089361197607796,1.3699068074038896,0.2045025498809567,5,5,s0_near_bound; large_s0_uncertainty; large_noise_uncertainty; large_s0_arcsec; systematic_residuals,False,False,False,True,False,False,False,True,True,False,False,False,False,False,True,False,True
LVM-30Dor-6563_B4,166.47081862715038,0.2424068405547679,26,0.05,0.5319883334937885,12,D,78.48407775065847,162.18199167644642,1.0959099064143265,0.3636102608249864,2.7914011883587424e-10,81.33251253658686,0.9649779073940812,1.49999999997044,2.9177664514935e-11,0.8535576874100688,0.748490424643883,0.8967750211875382,7679590151.048637,0.1456651683148406,8,8,s0_near_bound; noise_near_bound; large_r0_uncertainty; large_sig2_uncertainty; large_s0_uncertainty; large_noise_uncertainty; large_s0_arcsec; systematic_residuals,False,False,False,True,True,True,True,True,True,False,False,False,False,False,True,False,True
LVM-30Dor-6563_B5,166.4001354495142,0.2424068405547679,26,0.1005678593749999,0.7652018195964969,14,D,20.024135334960416,29.30610798988973,0.6587629268973197,0.3636102596894852,3.88194743890525e-07,81.33306457629374,0.2461991988040357,1.4999999952861611,2.5622961011569803e-08,7.082233537228855,1.4022725390142614,0.9049714163931696,22631152.824864164,0.3552555424130191,8,9,s0_near_bound; noise_near_bound; large_r0_uncertainty; large_sig2_uncertainty; large_s0_uncertainty; large_noise_uncertainty; large_m_uncertainty; large_s0_arcsec; systematic_residuals,False,False,False,True,True,True,True,True,True,True,False,False,False,False,True,False,True
LVM-30Dor-6563_B6,165.74427199588658,0.2424068405547679,26,0.0661249999999999,0.932811075049572,11,D,7.89208062658522,19.994219682959436,1.3423615996786056,0.3636102606236467,1.5530965390939135,81.33249834353735,0.0970347743807174,1.4999999991398545,0.1025388149769351,0.2262444190480893,0.1900090470811188,0.9074419052866088,3.562919928587466,0.5522760230912716,5,7,sig2_near_bound; s0_near_bound; large_s0_uncertainty; large_noise_uncertainty; large_m_uncertainty; large_s0_arcsec; systematic_residuals,False,True,False,True,False,False,False,True,True,True,False,False,False,False,True,False,True
LVM-30Dor-6563_B7,165.80800912237927,0.2424068405547679,26,0.05,0.5488054705335829,9,D,10.315784587167748,57.46717818813072,1.396139673550038,0.363610260632545,2.7253090182721583e-10,81.332514817276,0.1268346934844384,1.4999999991765622,1.1603689669164808e-11,0.1005226327059524,0.0932078098807708,0.9044503745830618,21535752307.769836,0.248681793453132,6,6,s0_near_bound; noise_near_bound; large_s0_uncertainty; large_noise_uncertainty; large_s0_arcsec; systematic_residuals,False,False,False,True,True,False,False,True,True,False,False,False,False,False,True,False,True
LVM-30Dor-6563_C1,164.55092559635358,0.2424068405547679,26,0.0661249999999999,0.7779678487750085,16,D,164.5501757288331,159.1100698385237,1.1383017608345396,0.3636102427691112,0.1165992716685188,81.33244736924493,2.0231799368065757,1.499999925484608,0.0282689325115548,0.5029536998436006,0.4899000701556061,0.9037176202201872,8.50460669833877,0.1268935894662866,10,10,r0_near_bound; s0_near_bound; noise_near_bound; large_r0_uncertainty; large_s0_uncertainty; large_noise_uncertainty; r0_larger_than_fit_range; r0_much_larger_than_fit_range; large_s0_arcsec; systematic_residuals,True,False,False,True,True,True,False,True,True,False,False,False,True,True,True,False,True
LVM-30Dor-6563_C10,164.84956506481294,0.2424068405547679,26,0.1156530382812499,0.8937757589924177,12,D,45.260113161124345,51.606395156701936,0.8060365502313874,0.3636095982154739,2.5197414032893995e-10,81.33246264172911,0.5564827584343034,1.499997266509986,2.6519037778027572e-11,2.5754312098237366,1.2942060722089022,0.8974897927459974,14933599472.059725,0.1765121714954938,10,8,s0_near_bound; noise_near_bound; large_r0_uncertainty; large_sig2_uncertainty; large_s0_uncertainty; large_noise_uncertainty; large_s0_arcsec; systematic_residuals,False,False,False,True,True,True,True,True,True,False,False,False,False,False,True,False,True
LVM-30Dor-6563_C11,165.6336756998395,0.2424068405547679,26,0.05,0.9722980547586828,11,D,8.65441769458505,24.687283810370964,1.9999999998921096,0.3636102607415097,6.615232712276676,81.33249547289438,0.1064078711007865,1.4999999996260742,0.4079140195730167,0.086577990619762,0.0970026311295101,0.9102104442063644,0.7373087030574343,0.3749765273419754,6,6,m_near_bound; s0_near_bound; large_s0_uncertainty; large_m_uncertainty; large_s0_arcsec; systematic_residuals,False,False,True,True,False,False,False,True,False,True,False,False,False,False,True,False,True
LVM-30Dor-6563_C12,165.49705528140962,0.2424068405547679,26,0.0378071833648393,0.6320887837201017,5,C,14.445605527556689,18.35116234102035,1.5213922782713107,0.0242406926787621,1.626943165915717,81.3325906526373,0.1776115258550205,0.1000000355736058,0.258155927563167,0.0555900251211171,0.072217772455156,13.64453575852462,0.7400810332230221,0.1581899246127751,7,3,s0_near_bound; large_s0_uncertainty; systematic_residuals,False,False,False,True,False,False,False,True,False,False,False,False,False,False,False,False,True
LVM-30Dor-6563_C13,164.95041220666806,0.2424068405547679,26,0.0574999999999999,0.9738825441968504,9,D,19.523309450752,38.98791340926135,1.2462620995818077,0.363610260642662,1.7710337886301703e-05,81.33249933996564,0.240043151374773,1.4999999992182975,1.8731310133285093e-06,0.1722831840503574,0.1309322354381742,0.9051455143993185,148239.93616148422,0.2236774662068705,9,6,s0_near_bound; noise_near_bound; large_s0_uncertainty; large_noise_uncertainty; large_s0_arcsec; systematic_residuals,False,False,False,True,True,False,False,True,True,False,False,False,False,False,True,False,True
LVM-30Dor-6563_C2,165.3461762435486,0.2424068405547679,26,0.0434782608695652,0.5244913021380577,6,C,15.247951743963332,8.481734281231208,1.383403807263471,0.024241499251182,0.565446182974099,81.33257774388838,0.1874765581877689,0.1000033629236838,0.1825790963551415,0.0805689261903283,0.0866965960985388,13.663669411020985,1.1694938040836016,0.1741381147329439,8,4,s0_near_bound; large_s0_uncertainty; large_noise_uncertainty; systematic_residuals,False,False,False,True,False,False,False,True,True,False,False,False,False,False,False,False,True
LVM-30Dor-6563_C3,166.0355018267512,0.2424068405547679,26,0.05,0.809339155455657,12,D,32.62967738105784,31.43693522781914,0.8755157129613045,0.3636102600903975,1.9389122663071024e-10,81.33274167652503,0.4011874763896678,1.4999999969400433,2.8129497506456728e-11,2.840179381730284,1.2122065091537348,0.8591467129150844,5950651473.343411,0.1261969982002502,7,8,s0_near_bound; noise_near_bound; large_r0_uncertainty; large_sig2_uncertainty; large_s0_uncertainty; large_noise_uncertainty; large_s0_arcsec; systematic_residuals,False,False,False,True,True,True,True,True,True,False,False,False,False,False,True,False,True
LVM-30Dor-6563_C4,166.29395901339103,0.2424068405547679,26,0.05,0.7103363016493555,9,D,20.96010171801463,60.11251789257654,1.2196410275708351,0.3636102580847542,3.3063847885247664e-08,81.33243255978171,0.2577090228133573,1.4999999886661708,2.4521409391897566e-09,0.1565567665210862,0.1069368970222383,0.8928133653925918,63159609.796989985,0.1377049453833472,6,6,s0_near_bound; noise_near_bound; large_s0_uncertainty; large_noise_uncertainty; large_s0_arcsec; systematic_residuals,False,False,False,True,True,False,False,True,True,False,False,False,False,False,True,False,True
LVM-30Dor-6563_C5,166.61447427138637,0.2424068405547679,26,0.0661249999999999,0.7587474427248977,12,D,26.39556676324742,43.28570046283055,0.8490802556808845,0.3636102606503732,3.384921530299066e-10,81.33256457280694,0.3245387244566565,1.499999999250109,3.0359951416899426e-11,4.375671601365773,1.4991635676294812,0.886025753816207,9617318953.257889,0.1839891396155111,5,8,s0_near_bound; noise_near_bound; large_r0_uncertainty; large_sig2_uncertainty; large_s0_uncertainty; large_noise_uncertainty; large_s0_arcsec; systematic_residuals,False,False,False,True,True,True,True,True,True,False,False,False,False,False,True,False,True
LVM-30Dor-6563_C6,166.65960240118804,0.2424068405547679,26,0.1330009940234374,0.9333755455309026,14,D,10.51883047762658,54.95508749601645,0.6983631973784513,0.3636102608038228,6.12689822208321e-05,81.33253654760422,0.1293311499201783,1.499999999883134,2.555292851203219e-06,14.199791078058992,1.756233228233067,0.9044732800782552,430581.8948433625,0.4735156194167375,6,9,s0_near_bound; noise_near_bound; large_r0_uncertainty; large_sig2_uncertainty; large_s0_uncertainty; large_noise_uncertainty; large_m_uncertainty; large_s0_arcsec; systematic_residuals,False,False,False,True,True,True,True,True,True,True,False,False,False,False,True,False,True
LVM-30Dor-6563_C7,167.1818283991096,0.2424068405547679,26,0.2022778867853953,0.9604549198580664,11,D,14.660283054303855,85.23756160057917,1.9999999999767313,0.3636102266081633,1.1783404772123463e-05,81.33243284068615,0.1802513774919336,1.4999998588159122,5.32131403210646e-07,0.2573495669209172,0.1590031429120913,0.9070132171178004,492724.91790126933,0.2805908759506039,7,7,m_near_bound; s0_near_bound; noise_near_bound; large_s0_uncertainty; large_noise_uncertainty; large_s0_arcsec; systematic_residuals,False,False,True,True,True,False,False,True,True,False,False,False,False,False,True,False,True
LVM-30Dor-6563_C8,165.9055551567825,0.2424068405547679,26,0.1005678593749999,0.931987456810496,8,D,16.953358110805432,34.91762369953476,1.732500203684324,0.3636102533159397,0.6220596545534095,81.33287904063413,0.208444091870097,1.4999999689933987,0.083259375956834,0.1531260048141298,0.1119514154140643,0.908741796174264,2.9461982362374752,0.2460340640335174,8,5,s0_near_bound; large_s0_uncertainty; large_noise_uncertainty; large_s0_arcsec; systematic_residuals,False,False,False,True,False,False,False,True,True,False,False,False,False,False,True,False,True
LVM-30Dor-6563_C9,166.69731252094576,0.2424068405547679,26,0.0874503124999999,0.8556246692734455,11,D,10.697843097946423,21.42561870843171,1.0727683750769066,0.363610260793473,4.397933892796382e-07,81.33265891672512,0.1315319484255363,1.499999999840438,4.6449913841708225e-08,0.3755338800705826,0.1719388426083096,0.9028086754326496,8802216.000789048,0.3758959874963674,7,7,s0_near_bound; noise_near_bound; large_s0_uncertainty; large_noise_uncertainty; large_m_uncertainty; large_s0_arcsec; systematic_residuals,False,False,False,True,True,False,False,True,True,True,False,False,False,False,True,False,True
LVM-30Dor-6563_D1,164.27876285884932,0.2424068405547679,26,0.05,0.9337883848904098,12,D,46.326845525327855,39.11749416097617,1.1469618780663446,0.3636102603861856,1.0801293740422124e-10,81.33237353943225,0.5695990847096978,1.499999998160257,2.464778447326853e-11,0.9164382047532156,0.7374791990229953,0.8986613616630283,7480111392.895094,0.1512536544897949,5,8,s0_near_bound; noise_near_bound; large_r0_uncertainty; large_sig2_uncertainty; large_s0_uncertainty; large_noise_uncertainty; large_s0_arcsec; systematic_residuals,False,False,False,True,True,True,True,True,True,False,False,False,False,False,True,False,True
LVM-30Dor-6563_D10,166.49879133232056,0.2424068405547679,21,0.0574999999999999,0.8629731234270726,11,D,7.749432228397938,54.86454367721251,1.9999999999943696,0.0242406840683791,2.180383298362986,81.4009701140866,0.0952007355383702,0.1000000000532259,0.0330322648059471,0.1061268155962246,0.0993771809878036,13.675629424752348,5.941172910802444,0.32759521305104,6,7,m_near_bound; s0_near_bound; noise_near_bound; large_s0_uncertainty; large_noise_uncertainty; large_m_uncertainty; systematic_residuals,False,False,True,True,True,False,False,True,True,True,False,False,False,False,False,False,True
LVM-30Dor-6563_D11,165.86256915527264,0.2424068405547679,26,0.1005678593749999,0.9966184096606816,16,D,165.8455039904355,480.7028437341491,1.0656051750794595,0.363609457338664,4.950552507934069,81.33255789024301,2.0391035065470504,1.4999966853514275,0.3059646929849464,0.6378732353092779,0.5982424703685233,0.9083635799130888,1.4174728857796304,0.2220464016055401,10,10,r0_near_bound; s0_near_bound; large_r0_uncertainty; large_sig2_uncertainty; large_s0_uncertainty; large_noise_uncertainty; r0_larger_than_fit_range; r0_much_larger_than_fit_range; large_s0_arcsec; systematic_residuals,True,False,False,True,False,True,True,True,True,False,False,False,True,True,True,False,True
LVM-30Dor-6563_D12,167.07424349939018,0.2424068405547679,26,0.1005678593749999,0.9050993510684474,12,D,25.45483338116486,155.01478402789263,1.3456647984081922,0.363610247190001,1.081212366184666e-07,81.3319844921316,0.3129744532869165,1.499999943722088,4.467639846634696e-09,1.253624394798865,0.9354365789332814,0.8989866564984932,44087619.205669396,0.2221835535884562,10,8,s0_near_bound; noise_near_bound; large_r0_uncertainty; large_sig2_uncertainty; large_s0_uncertainty; large_noise_uncertainty; large_s0_arcsec; systematic_residuals,False,False,False,True,True,True,True,True,True,False,False,False,False,False,True,False,True
LVM-30Dor-6563_D13,167.2469008061693,0.2424068405547679,21,0.05,0.997688589815901,11,D,11.896529725232927,24.385196472155815,1.2141541730166956,0.3636102607973709,2.395090673771867e-07,81.33278073941926,0.1462698018815811,1.499999999856518,1.3097463081802948e-08,0.1713207223887526,0.1299579232905277,0.903860516093132,17236094.40765998,0.3001464090174912,8,7,s0_near_bound; noise_near_bound; large_s0_uncertainty; large_noise_uncertainty; large_m_uncertainty; large_s0_arcsec; systematic_residuals,False,False,False,True,True,False,False,True,True,True,False,False,False,False,True,False,True
LVM-30Dor-6563_D14,166.87695146980005,0.2424068405547679,21,0.0760437499999999,0.7706992160241922,13,D,91.65999335419504,209.1584466381252,0.9390860333627492,0.3636029690204301,6.536382860512998e-10,81.40069388246654,1.1260345456826424,1.4999699191173603,2.1277609039961544e-11,0.7943534445402444,0.6593831167046506,0.9044032553769435,12032204273.151196,0.185476155273885,9,9,s0_near_bound; noise_near_bound; large_r0_uncertainty; large_sig2_uncertainty; large_s0_uncertainty; large_noise_uncertainty; r0_larger_than_fit_range; large_s0_arcsec; systematic_residuals,False,False,False,True,True,True,True,True,True,False,False,False,True,False,True,False,True
LVM-30Dor-6563_D15,166.23308151934813,0.2424068405547679,26,0.0874503124999999,0.8393253119129108,11,D,6.909698592604034,45.28397346024509,1.3504568159931014,0.3636102447997891,2.2043607204359795e-06,81.33258679417379,0.084956090356381,1.4999999338617558,8.169438805969555e-08,0.2899653408510924,0.2177763040462055,0.9049848514748384,6686672.2930639,0.6092475378380504,8,7,s0_near_bound; noise_near_bound; large_s0_uncertainty; large_noise_uncertainty; large_m_uncertainty; large_s0_arcsec; systematic_residuals,False,False,False,True,True,False,False,True,True,True,False,False,False,False,True,False,True
LVM-30Dor-6563_D16,164.70356061034707,0.2424068405547679,25,0.0661249999999999,0.9909748923090478,9,D,14.928568641800108,20.76313730696662,1.0837619621793229,0.3636102607431668,1.817710905672818e-10,81.33281385821792,0.183549147430508,1.49999999963291,2.0495242721443627e-11,0.3410937713464432,0.1539742552436784,0.902671888699583,14310851106.452969,0.2873835639697191,5,6,s0_near_bound; noise_near_bound; large_s0_uncertainty; large_noise_uncertainty; large_s0_arcsec; systematic_residuals,False,False,False,True,True,False,False,True,True,False,False,False,False,False,True,False,True
LVM-30Dor-6563_D17,164.26997627942373,0.2424068405547679,24,0.0661249999999999,0.9147657398935356,9,D,14.854729252067338,25.13729443019403,1.1092583471188897,0.363610260821458,2.544312604902605e-10,81.33181441155183,0.1826435246716624,1.4999999999558844,2.4431330248812886e-11,0.4562968186153368,0.2138494824815391,0.8985638005210116,8943277460.202345,0.2506961390867881,10,6,s0_near_bound; noise_near_bound; large_s0_uncertainty; large_noise_uncertainty; large_s0_arcsec; systematic_residuals,False,False,False,True,True,False,False,True,True,False,False,False,False,False,True,False,True
LVM-30Dor-6563_D18,163.77387078053218,0.2424068405547679,24,0.0661249999999999,0.8805983973194004,11,D,6.569440702205038,62.27427626314194,1.4106468033995163,0.3636102608317128,2.0222590348254223e-05,81.3327820583656,0.0807723593850596,1.4999999999981886,4.246241462657038e-07,0.3076098770713311,0.2447441586943989,0.9054910768376336,1212488.5529230095,0.5649605514863034,9,7,s0_near_bound; noise_near_bound; large_s0_uncertainty; large_noise_uncertainty; large_m_uncertainty; large_s0_arcsec; systematic_residuals,False,False,False,True,True,False,False,True,True,True,False,False,False,False,True,False,True
LVM-30Dor-6563_D19,163.2813980551292,0.2424068405547679,26,0.05,0.5088647776248535,9,D,13.547824996842744,32.81192936061639,1.3551741081778093,0.3636102597119097,0.373267538792147,81.33258504618799,0.1665731513285734,1.499999995378669,0.0333599700606215,0.1033394409272872,0.1032938504593174,0.9059034988313124,7.515454540888037,0.2534636000979477,4,6,s0_near_bound; noise_near_bound; large_s0_uncertainty; large_noise_uncertainty; large_s0_arcsec; systematic_residuals,False,False,False,True,True,False,False,True,True,False,False,False,False,False,True,False,True
LVM-30Dor-6563_D2,163.95939855771175,0.2424068405547679,26,0.0574999999999999,0.8173712818616286,12,D,16.379767166864042,10.580448502568906,0.9546150650482236,0.0242407191188542,0.3992197600863566,81.33234684173037,0.2013930226154477,0.1000001446468151,0.081854342150733,1.8961512260925515,0.765615974322085,13.698599328724384,5.746638993674594,0.4098968910722997,6,8,s0_near_bound; noise_near_bound; large_r0_uncertainty; large_sig2_uncertainty; large_s0_uncertainty; large_noise_uncertainty; large_m_uncertainty; systematic_residuals,False,False,False,True,True,True,True,True,True,True,False,False,False,False,False,False,True
LVM-30Dor-6563_D3,164.1293317649928,0.2424068405547679,26,0.0574999999999999,0.8762334332271674,15,D,161.57108717206788,37.98832346159105,0.9035400174175596,0.3635939165131053,2.63013534830093,81.33233658253035,1.9865541057967375,1.499932574843972,0.5492081433341368,0.6146185638415226,0.5084171016368266,0.9094639198541098,0.509381662427729,0.2107025609250408,8,9,r0_near_bound; s0_near_bound; large_r0_uncertainty; large_sig2_uncertainty; large_s0_uncertainty; r0_larger_than_fit_range; large_s0_arcsec; large_noise_fraction; systematic_residuals,True,False,False,True,False,True,True,True,False,False,False,False,True,False,True,True,True
LVM-30Dor-6563_D4,163.9488215780714,0.2424068405547679,26,0.0378071833648393,0.653719128718504,5,C,15.677748049207466,15.408134574569749,0.8593043814135136,0.1179953701793219,6.98696332463896e-07,81.33296545744781,0.1927600691924829,0.4867658433618453,9.153613743263736e-08,0.3629242991950909,0.1791209324536908,2.0269750626656924,3943308.3451799904,0.2456601228510267,4,4,noise_near_bound; large_s0_uncertainty; large_noise_uncertainty; systematic_residuals,False,False,False,False,True,False,False,True,True,False,False,False,False,False,False,False,True
LVM-30Dor-6563_D5,165.07130814012083,0.2424068405547679,26,0.05,0.8926362888861952,9,D,36.155799418824515,61.427243396983954,1.2676937756897242,0.3636102607965714,4.255352264687828e-09,81.33264746612606,0.4445422661777106,1.49999999985322,7.014722976311848e-10,0.3832189555832661,0.3187000238728128,0.8951382020111823,241788357.64607567,0.1360265626669226,6,6,s0_near_bound; noise_near_bound; large_s0_uncertainty; large_noise_uncertainty; large_s0_arcsec; systematic_residuals,False,False,False,True,True,False,False,True,True,False,False,False,False,False,True,False,True
LVM-30Dor-6563_D6,165.35076403514185,0.2424068405547679,26,0.2022778867853953,0.7851186016182875,14,D,30.82457943824424,50.42286154823947,1.3373819117799657,0.3636102353173914,1.0684617884169757e-08,81.33186695158993,0.3789975638526967,1.4999998947440574,1.1949635046738187e-09,4.096752463382054,3.5268294388647257,0.9075559199167436,273025003.6247968,0.3296004570154991,9,9,s0_near_bound; noise_near_bound; large_r0_uncertainty; large_sig2_uncertainty; large_s0_uncertainty; large_noise_uncertainty; large_m_uncertainty; large_s0_arcsec; systematic_residuals,False,False,False,True,True,True,True,True,True,True,False,False,False,False,True,False,True
LVM-30Dor-6563_D7,167.12057101019585,0.2424068405547679,26,0.1156530382812499,0.7609215449121963,9,D,14.429146209201049,56.052210710311655,1.4730072301214427,0.3636102412934007,1.127104510991008e-08,81.33197143962515,0.1774105060260611,1.4999999193968652,7.33266454650379e-10,0.2211360335221099,0.1341430103845969,0.8984366742521173,230896923.2826056,0.2873816966561193,10,6,s0_near_bound; noise_near_bound; large_s0_uncertainty; large_noise_uncertainty; large_s0_arcsec; systematic_residuals,False,False,False,True,True,False,False,True,True,False,False,False,False,False,True,False,True
LVM-30Dor-6563_D8,166.3849144562675,0.2424068405547679,26,0.0661249999999999,0.8022098332853583,7,D,17.277872897213808,99.96482903362494,1.464873631109188,0.0242406956853857,0.2602976259629275,81.33152021497668,0.212437599242516,0.1000000479768185,0.0129972996087551,0.1112155899961239,0.0857492138775272,13.672952330024966,27.51233005729083,0.2292444206515007,5,5,s0_near_bound; noise_near_bound; large_s0_uncertainty; large_noise_uncertainty; systematic_residuals,False,False,False,True,True,False,False,True,True,False,False,False,False,False,False,False,True
LVM-30Dor-6563_D9,166.3216645113808,0.2424068405547679,21,0.05,0.8830049557669983,12,D,42.02350679532793,366.0824473393282,1.1779840233962968,0.3636102182159708,2.0532210164284058e-07,81.40060420079836,0.5162554652747379,1.4999998241956332,2.595989383367847e-09,0.984050000115229,0.7311067446476597,0.9061684207680472,89044389.84370564,0.2395407224007804,7,8,s0_near_bound; noise_near_bound; large_r0_uncertainty; large_sig2_uncertainty; large_s0_uncertainty; large_noise_uncertainty; large_s0_arcsec; systematic_residuals,False,False,False,True,True,True,True,True,True,False,False,False,False,False,True,False,True
LVM-30Dor-6563_E1,164.62470101695857,0.2424068405547679,26,0.0661249999999999,0.901009870769842,12,D,25.52504792333344,21.7728160826996,0.9716698712965242,0.3636102605368524,1.5837849288043826e-10,81.33215909206983,0.3138370874236661,1.4999999987818022,2.7673287391313987e-11,2.772855741467823,1.244252822560261,0.8969919248322394,9783098894.307348,0.2106588884428728,10,8,s0_near_bound; noise_near_bound; large_r0_uncertainty; large_sig2_uncertainty; large_s0_uncertainty; large_noise_uncertainty; large_s0_arcsec; systematic_residuals,False,False,False,True,True,True,True,True,True,False,False,False,False,False,True,False,True
LVM-30Dor-6563_E10,166.31932181281306,0.2424068405547679,22,0.05,0.864598509503985,14,D,23.92999561017466,83.69610240271086,0.5472266049008276,0.3636102608212244,1.5301378442093107e-09,81.33179455700909,0.2942268240915434,1.4999999999549207,3.1559214058506754e-11,5.612930667962066,0.8800290754644272,0.9019505329849749,15647428003.41675,0.2290811773871442,7,9,m_near_bound; s0_near_bound; noise_near_bound; large_r0_uncertainty; large_sig2_uncertainty; large_s0_uncertainty; large_noise_uncertainty; large_s0_arcsec; systematic_residuals,False,False,True,True,True,True,True,True,True,False,False,False,False,False,True,False,True
LVM-30Dor-6563_E14,167.46881833123942,0.2424068405547679,26,0.0434782608695652,0.5031263341935887,14,D,153.6594672873781,522.3596147031503,1.2897330017277158,0.3636102601988915,2.8279692967031765e-06,81.33246483276471,1.8892759195646136,1.499999997387613,3.593730158322241e-07,0.4919973726431645,0.5242155787835456,0.8949306115325997,396276.59005352814,0.0943378205053924,9,10,r0_near_bound; sig2_near_bound; s0_near_bound; noise_near_bound; large_sig2_uncertainty; large_s0_uncertainty; large_noise_uncertainty; r0_larger_than_fit_range; large_s0_arcsec; systematic_residuals,True,True,False,True,True,False,True,True,True,False,False,False,True,False,True,False,True
LVM-30Dor-6563_E15,166.91247052920886,0.2424068405547679,23,0.0574999999999999,0.9754741344893728,7,D,11.990018214057452,154.0428433197125,1.9818824028600737,0.0242406860807098,10.062208131747765,81.33243351665917,0.1474198876835716,0.1000000083546861,0.1430978972971205,0.0604963059969073,0.0800266608533719,13.65582503626942,0.952602656462442,0.2601943824916903,6,4,m_near_bound; s0_near_bound; large_s0_uncertainty; systematic_residuals,False,False,True,True,False,False,False,True,False,False,False,False,False,False,False,False,True
LVM-30Dor-6563_E16,167.0511702196655,0.2424068405547679,26,0.0760437499999999,0.7954207664285022,14,D,16.232168604981375,295.074740923942,0.8425018542995121,0.3636102606574134,1.5719417317053045e-08,81.33250023603323,0.1995778877800923,1.4999999992791515,1.4880785269388832e-10,7.97286466345833,1.8080835031393312,0.9040525312378244,3622946543.9495616,0.3433861597167821,9,9,s0_near_bound; noise_near_bound; large_r0_uncertainty; large_sig2_uncertainty; large_s0_uncertainty; large_noise_uncertainty; large_m_uncertainty; large_s0_arcsec; systematic_residuals,False,False,False,True,True,True,True,True,True,True,False,False,False,False,True,False,True
LVM-30Dor-6563_E17,167.4243399183384,0.2424068405547679,21,0.1156530382812499,0.964889257931392,8,D,13.81821217339862,458.6913597346461,1.892228845669792,0.0242406841226155,36.046848496979294,81.400961779192,0.1697549005733108,0.1000000002769671,0.128155136179599,0.166034660399483,0.1288652288126048,13.658705173111594,2.0448278587177575,0.4022275481801407,7,5,s0_near_bound; large_s0_uncertainty; large_noise_uncertainty; large_m_uncertainty; systematic_residuals,False,False,False,True,False,False,False,True,True,True,False,False,False,False,False,False,True
LVM-30Dor-6563_E18,165.798855139679,0.2424068405547679,21,0.0574999999999999,0.9663149536002004,12,D,67.7132546255702,224.58659310551153,1.008359340749139,0.3636101177629344,4.3456588521023225e-08,81.4010142859713,0.8318477996807951,1.4999994097971112,1.094322677623907e-09,1.3636939598837454,0.9691042054963598,0.9051496295417631,227720314.66148964,0.2297557338252127,7,8,s0_near_bound; noise_near_bound; large_r0_uncertainty; large_sig2_uncertainty; large_s0_uncertainty; large_noise_uncertainty; large_s0_arcsec; systematic_residuals,False,False,False,True,True,True,True,True,True,False,False,False,False,False,True,False,True
LVM-30Dor-6563_E19,166.82906432962426,0.2424068405547679,21,0.0760437499999999,0.9396398222228944,10,D,11.626868578104771,36.037753961145214,1.999999998680685,0.0242407382867085,6.028388246892472,81.4007857043797,0.1428348446209063,0.1000002237198901,0.1892078221336274,0.1241550696378333,0.1320493474760439,13.661233519855118,0.9564405750472464,0.4491375979629564,7,6,sig2_near_bound; m_near_bound; s0_near_bound; large_s0_uncertainty; large_m_uncertainty; systematic_residuals,False,True,True,True,False,False,False,True,False,True,False,False,False,False,False,False,True
LVM-30Dor-6563_E2,164.49691877247045,0.2424068405547679,26,0.05,0.6922728314718923,10,D,29.14739844712743,9.842829601211264,1.0497162734657577,0.0242406887375209,0.257431412947898,81.33253047117648,0.3583731906319699,0.1000000193148184,0.1067070123941873,1.7205859920678634,0.9708987009297364,13.698962277476731,2.7860351563270216,0.2020183935202435,4,7,s0_near_bound; noise_near_bound; large_r0_uncertainty; large_sig2_uncertainty; large_s0_uncertainty; large_noise_uncertainty; systematic_residuals,False,False,False,True,True,True,True,True,True,False,False,False,False,False,False,False,True
LVM-30Dor-6563_E20,165.56138858641074,0.2424068405547679,26,0.1005678593749999,0.8083530604354233,12,D,18.675216331626466,50.628825210130586,0.7752429196997747,0.3636102568912638,2.3865860997961485e-10,81.33173198867192,0.2296178364211842,1.4999999837426694,1.3176501756007616e-11,7.510424125356077,1.7625790188965405,0.8998428994484592,40592207510.624374,0.2665923805365678,8,8,s0_near_bound; noise_near_bound; large_r0_uncertainty; large_sig2_uncertainty; large_s0_uncertainty; large_noise_uncertainty; large_s0_arcsec; systematic_residuals,False,False,False,True,True,True,True,True,True,False,False,False,False,False,True,False,True
LVM-30Dor-6563_E21,162.5635181688043,0.2424068405547679,25,0.3076393810647381,0.9168598385385216,16,D,12.995509498287614,48.04944818070375,1.999999988548512,0.3636102592862986,3.531666393436579e-10,72.4935885198916,0.1792642599658556,1.4999999936228974,1.355170305674214e-11,1.1992394126857349,0.5427592761675686,0.90715832571357,19741607190.805088,0.6986099243984385,8,10,m_near_bound; s0_near_bound; noise_near_bound; large_r0_uncertainty; large_sig2_uncertainty; large_s0_uncertainty; large_noise_uncertainty; large_m_uncertainty; large_s0_arcsec; systematic_residuals,False,False,True,True,True,True,True,True,True,True,False,False,False,False,True,False,True
LVM-30Dor-6563_E22,164.37010769003257,0.2424068405547679,26,0.152951143126953,0.9720967279943988,11,D,12.19234571977125,80.20658765799101,1.4725051881798237,0.3636102447442528,5.725190305067911e-09,81.3319704285452,0.1499084020161902,1.499999933632652,2.0473602389134315e-10,0.2757983831703413,0.1808835167304346,0.9085744464513448,2390006362.422218,0.4790851213216185,6,7,s0_near_bound; noise_near_bound; large_s0_uncertainty; large_noise_uncertainty; large_m_uncertainty; large_s0_arcsec; systematic_residuals,False,False,False,True,True,False,False,True,True,True,False,False,False,False,True,False,True
LVM-30Dor-6563_E23,163.01802008805984,0.2424068405547679,26,0.1005678593749999,0.9473356344297734,12,D,19.173399931836265,59.543337956031166,0.9532625589818408,0.3636102608025277,5.104659668417671e-10,81.33387607548728,0.2357369506654413,1.499999999877791,2.7641753900925695e-11,7.036829497645484,2.3846959814142443,0.8975204680460221,11964114049.561182,0.2474760437437569,9,8,s0_near_bound; noise_near_bound; large_r0_uncertainty; large_sig2_uncertainty; large_s0_uncertainty; large_noise_uncertainty; large_s0_arcsec; systematic_residuals,False,False,False,True,True,True,True,True,True,False,False,False,False,False,True,False,True
LVM-30Dor-6563_E24,163.06212153753634,0.2424068405547679,26,0.1758938145959959,0.7740086760544497,13,D,9.794211136360955,42.37486149780244,1.999999998513528,0.3636100904301508,3.2276111004328736,81.33309684132506,0.1204209788724601,1.4999992970412852,0.2237979016644002,0.3026786518826009,0.1492825161126538,0.9053098435818024,1.744255350433953,0.6130120459833606,6,8,sig2_near_bound; m_near_bound; s0_near_bound; large_s0_uncertainty; large_noise_uncertainty; large_m_uncertainty; large_s0_arcsec; systematic_residuals,False,True,True,True,False,False,False,True,True,True,False,False,False,False,True,False,True
LVM-30Dor-6563_E25,163.538605376109,0.2424068405547679,26,0.05,0.6968204656019553,11,D,10.83325295626497,25.862077008719403,1.2117835670169046,0.3636102607895422,1.8426054054533856e-06,81.33234687367622,0.1331973485665053,1.4999999998242222,1.5186923708861392e-07,0.1428294995421548,0.1314371888578183,0.9037927394268132,2059909.568970294,0.3082258433004914,8,7,s0_near_bound; noise_near_bound; large_s0_uncertainty; large_noise_uncertainty; large_m_uncertainty; large_s0_arcsec; systematic_residuals,False,False,False,True,True,False,False,True,True,True,False,False,False,False,True,False,True
LVM-30Dor-6563_E26,163.07176842004407,0.2424068405547679,26,0.0574999999999999,0.95777611657118,11,D,22.95053404039361,58.47411483146829,1.026700802818404,0.3636102514189091,1.0846332964603053e-08,81.33222121771175,0.2821825556560068,1.4999999611675858,7.70540335934509e-10,0.7627997452533292,0.4115071875519356,0.8978663320397157,340689828.03719634,0.2064196635730955,5,7,s0_near_bound; noise_near_bound; large_r0_uncertainty; large_s0_uncertainty; large_noise_uncertainty; large_s0_arcsec; systematic_residuals,False,False,False,True,True,True,False,True,True,False,False,False,False,False,True,False,True
LVM-30Dor-6563_E3,163.65764868001065,0.2424068405547679,26,0.0760437499999999,0.995133205764888,12,D,13.759770207599336,13.52480979973199,0.7234096451341966,0.0242406850763698,6.417306590438451e-05,81.33249561104816,0.1691792450756941,0.100000004211486,6.659855486054836e-06,10.292391914941044,1.6678354309875367,13.708209230535749,78594.74192369019,0.4464024885205667,6,8,s0_near_bound; noise_near_bound; large_r0_uncertainty; large_sig2_uncertainty; large_s0_uncertainty; large_noise_uncertainty; large_m_uncertainty; systematic_residuals,False,False,False,True,True,True,True,True,True,True,False,False,False,False,False,False,True
LVM-30Dor-6563_E4,163.58105126930508,0.2424068405547679,26,0.1156530382812499,0.7729937720594254,12,D,4.142834277589269,22.25480661467997,1.4194823209834544,0.3636102596004399,4.973912798517765e-06,81.33210600747802,0.0509372556663952,1.4999999949188232,2.077248632449996e-07,0.4678227307815851,0.2192503719043012,0.903495720412,1749038.8176061197,0.6087273356247618,9,8,sig2_near_bound; s0_near_bound; noise_near_bound; large_s0_uncertainty; large_noise_uncertainty; large_m_uncertainty; large_s0_arcsec; systematic_residuals,False,True,False,True,True,False,False,True,True,True,False,False,False,False,True,False,True
LVM-30Dor-6563_E5,165.10486250152718,0.2424068405547679,26,0.05,0.6511142841385071,10,D,39.71615710719012,31.81911826023798,0.8952773062303194,0.0242406841256465,0.5144401932791466,81.33233177216846,0.4883194203560361,0.100000000289471,0.0705633117190957,2.9289523244442406,1.3502988223646402,13.722767164407534,4.481108144484989,0.1977843122805238,6,7,s0_near_bound; noise_near_bound; large_r0_uncertainty; large_sig2_uncertainty; large_s0_uncertainty; large_noise_uncertainty; systematic_residuals,False,False,False,True,True,True,True,True,True,False,False,False,False,False,False,False,True
LVM-30Dor-6563_E6,165.3849121634197,0.2424068405547679,26,0.0574999999999999,0.787046787759766,7,D,11.740397217611696,29.931214479678047,1.8341245304440597,0.0242412758777991,5.453762058988277,81.33255672597386,0.1443505244421064,0.1000024414423331,0.4063753012795237,0.078779488933122,0.1087709830130989,13.660766305794391,0.7225342700793789,0.3152323108253998,5,4,s0_near_bound; large_s0_uncertainty; large_m_uncertainty; systematic_residuals,False,False,False,True,False,False,False,True,False,True,False,False,False,False,False,False,True
LVM-30Dor-6563_E7,165.17061331533918,0.2424068405547679,26,0.1758938145959959,0.8820653462309497,13,D,29.56969131826862,63.5479385938502,1.4133914665452467,0.0242695117693046,77.9283180929042,81.33246077078815,0.3635656789188044,0.1001189228561451,1.0693149731141114,4.494529798686714,4.679759447505523,13.624689808834518,0.7143505119452167,0.8798631649926679,7,8,sig2_near_bound; s0_near_bound; large_r0_uncertainty; large_sig2_uncertainty; large_s0_uncertainty; large_m_uncertainty; large_noise_fraction; systematic_residuals,False,True,False,True,False,True,True,True,False,True,False,False,False,False,False,True,True
LVM-30Dor-6563_E8,165.08228913396815,0.2424068405547679,21,0.0760437499999999,0.8318865280825499,19,D,165.08187685050032,145.44414020264003,1.3103965766870422,0.3636101537776507,8.99887097469472,81.33240567234022,2.0297183574718964,1.499999558368481,0.6498004243944264,0.5578234091681659,0.599498004361186,0.9094493011870086,0.4114564083669403,0.3596159881786118,9,11,r0_near_bound; s0_near_bound; large_r0_uncertainty; large_sig2_uncertainty; large_s0_uncertainty; large_m_uncertainty; r0_larger_than_fit_range; r0_much_larger_than_fit_range; large_s0_arcsec; large_noise_fraction; systematic_residuals,True,False,False,True,False,True,True,True,False,True,False,False,True,True,True,True,True
LVM-30Dor-6563_E9,165.4448260863877,0.2424068405547679,21,0.0328758116215994,0.5529405696151127,11,D,8.41465298408852,23.578723652553705,1.4191843308014385,0.3636102368241858,6.75376145683715e-09,81.40079389821499,0.1033731070806305,1.4999999009600302,2.7663417375036165e-10,0.2075993558884682,0.1737765556626859,0.9074249697660882,962702575.080825,0.4311999671638473,5,7,s0_near_bound; noise_near_bound; large_s0_uncertainty; large_noise_uncertainty; large_m_uncertainty; large_s0_arcsec; systematic_residuals,False,False,False,True,True,False,False,True,True,True,False,False,False,False,True,False,True
LVM-30Dor-6563_F1,163.26706807725404,0.2424068405547679,26,0.0574999999999999,0.8785171833142891,11,D,19.4096262876818,58.26465391061093,0.9684881015397508,0.3636102605163043,3.2059178599915636e-06,81.33210457300991,0.2386465515626518,1.4999999986970352,2.0541754946379397e-07,0.5050433237082657,0.2296355046435931,0.9028511383871638,2058030.5674103724,0.2562793790722176,6,7,s0_near_bound; noise_near_bound; large_r0_uncertainty; large_s0_uncertainty; large_noise_uncertainty; large_s0_arcsec; systematic_residuals,False,False,False,True,True,True,False,True,True,False,False,False,False,False,True,False,True
LVM-30Dor-6563_F10,166.47438277404058,0.2424068405547679,21,0.1005678593749999,0.9249486670206468,12,D,46.578147034026685,195.62354213071973,0.6927464388472598,0.3636099240433304,7.647844479902714e-07,81.40092400382603,0.5722066131809193,1.4999986106463796,1.0081209972933885e-08,2.50897162068629,0.9909543177005355,0.906369364875732,48876049.09902647,0.2932761359185724,9,8,s0_near_bound; noise_near_bound; large_r0_uncertainty; large_sig2_uncertainty; large_s0_uncertainty; large_noise_uncertainty; large_s0_arcsec; systematic_residuals,False,False,False,True,True,True,True,True,True,False,False,False,False,False,True,False,True
LVM-30Dor-6563_F11,166.70889910752032,0.2424068405547679,21,0.05,0.5602507810498717,11,D,11.36354334557972,31.567812840434627,1.1558853020726476,0.3636102549296173,6.70907718246696e-07,81.40104007338466,0.1395994858952079,1.4999999756502969,2.7074286441165408e-08,0.2387930265766145,0.1885516808164329,0.9078602440594588,12827489.816188443,0.4341300443621649,6,7,s0_near_bound; noise_near_bound; large_s0_uncertainty; large_noise_uncertainty; large_m_uncertainty; large_s0_arcsec; systematic_residuals,False,False,False,True,True,False,False,True,True,True,False,False,False,False,True,False,True
LVM-30Dor-6563_F12,167.0985115103996,0.2424068405547679,21,0.0874503124999999,0.8014963956964877,14,D,13.302510472247064,20.028785745476256,1.1533851837227576,0.3636099132239716,3.0425376970840706e-07,81.33183583527351,0.1635584680418314,1.4999985660133208,2.2695695558667124e-08,2.2847588443322433,0.8130019657761958,0.9067633929183913,15147280.968642352,0.5766993731761538,9,9,s0_near_bound; noise_near_bound; large_r0_uncertainty; large_sig2_uncertainty; large_s0_uncertainty; large_noise_uncertainty; large_m_uncertainty; large_s0_arcsec; systematic_residuals,False,False,False,True,True,True,True,True,True,True,False,False,False,False,True,False,True
LVM-30Dor-6563_F17,167.13084346040978,0.2424068405547679,23,0.0760437499999999,0.9309475354258532,13,D,17.39066534365826,15.823964938441126,0.8064642720345383,0.3636102476275102,2.1198343982642204e-10,81.33228885787416,0.2138224017529858,1.4999999455269428,2.240742400719891e-11,8.197305180032808,1.7969401964275915,0.8989179264611503,13149158737.56,0.2290205298830689,10,9,sig2_near_bound; s0_near_bound; noise_near_bound; large_r0_uncertainty; large_sig2_uncertainty; large_s0_uncertainty; large_noise_uncertainty; large_s0_arcsec; systematic_residuals,False,True,False,True,True,True,True,True,True,False,False,False,False,False,True,False,True
LVM-30Dor-6563_F18,167.36176751879475,0.2424068405547679,21,0.0661249999999999,0.9447096885194184,13,D,130.02406408187815,106.9870177360243,0.8061569107709348,0.3636010745443083,6.654332727682734e-08,81.4006098538201,1.5973352572588395,1.4999621038423565,3.942027496480358e-09,0.6561557813278489,0.5120108279323858,0.9058730280566728,81176487.1179554,0.2236238359002547,9,9,s0_near_bound; noise_near_bound; large_r0_uncertainty; large_sig2_uncertainty; large_s0_uncertainty; large_noise_uncertainty; r0_larger_than_fit_range; large_s0_arcsec; systematic_residuals,False,False,False,True,True,True,True,True,True,False,False,False,True,False,True,False,True
LVM-30Dor-6563_F19,166.6984182572625,0.2424068405547679,22,0.0874503124999999,0.8643375780369623,19,D,166.69583480071697,142.0833652964803,1.2245160864477005,0.3636102598269601,7.65766426510315,81.3321693263975,2.049568284988723,1.499999995853286,0.6037683560232564,0.5844455088350323,0.6022895367623526,0.9096015757083972,0.5567757264617222,0.3709189633082821,8,11,r0_near_bound; s0_near_bound; large_r0_uncertainty; large_sig2_uncertainty; large_s0_uncertainty; large_m_uncertainty; r0_larger_than_fit_range; r0_much_larger_than_fit_range; large_s0_arcsec; large_noise_fraction; systematic_residuals,True,False,False,True,False,True,True,True,False,True,False,False,True,True,True,True,True
LVM-30Dor-6563_F2,162.09274388796877,0.2424068405547679,25,0.05,0.6519310950128752,12,D,40.32431004042071,53.600970219245966,1.2523875819540566,0.3636102608099967,4.368481131441502,72.48777205071866,0.5562912047042412,1.499999999908603,0.4634108266744374,2.6721211373901337,1.9299203394722169,0.9108157882456308,0.8742223772870886,0.304501961191484,4,7,s0_near_bound; large_r0_uncertainty; large_sig2_uncertainty; large_s0_uncertainty; large_m_uncertainty; large_s0_arcsec; systematic_residuals,False,False,False,True,False,True,True,True,False,True,False,False,False,False,True,False,True
LVM-30Dor-6563_F20,166.578944466244,0.2424068405547679,26,0.0661249999999999,0.9278122272319648,9,D,11.579344837208634,25.054468842260736,1.4222347418630883,0.3636101736471697,1.9582502443083035e-08,81.33247989421753,0.1423704878084245,1.4999996403361304,1.9933172554016816e-09,0.1197492187535148,0.1035470861682364,0.906333443058736,140509145.76083872,0.2881006767323986,6,6,s0_near_bound; noise_near_bound; large_s0_uncertainty; large_noise_uncertainty; large_s0_arcsec; systematic_residuals,False,False,False,True,True,False,False,True,True,False,False,False,False,False,True,False,True
LVM-30Dor-6563_F21,167.69205888825113,0.2424068405547679,26,0.1156530382812499,0.8192571879864445,11,D,18.18404709906666,128.423421373261,1.618837255858276,0.3636102600118048,1.599136570848273e-06,81.33251988432335,0.2235765856625277,1.499999996615825,6.057855844966012e-08,0.1895752307417352,0.144335485872458,0.9073993383789514,5075751.941274463,0.3280355163497082,7,7,s0_near_bound; noise_near_bound; large_s0_uncertainty; large_noise_uncertainty; large_m_uncertainty; large_s0_arcsec; systematic_residuals,False,False,False,True,True,False,False,True,True,True,False,False,False,False,True,False,True
LVM-30Dor-6563_F22,167.4119789177428,0.2424068405547679,21,0.0574999999999999,0.8467824199199209,9,D,19.46658935828664,272.02307330632686,1.334287815298198,0.3636099828581902,1.8744374214086733e-08,81.39961131638573,0.2391484313435292,1.4999988532750927,1.6578840415989154e-10,0.1678994308992857,0.1209702297972732,0.9065641294531552,1289432318.8578055,0.2512643127232699,7,6,s0_near_bound; noise_near_bound; large_s0_uncertainty; large_noise_uncertainty; large_s0_arcsec; systematic_residuals,False,False,False,True,True,False,False,True,True,False,False,False,False,False,True,False,True
LVM-30Dor-6563_F23,167.01140555286065,0.2424068405547679,26,0.1005678593749999,0.9074019501745758,11,D,7.432136697649221,42.564269327413385,1.2737246705194247,0.3636102603537149,9.033176936842386e-06,81.33220805858997,0.0913799941628938,1.4999999980263057,4.083467938394008e-07,0.3645949436969447,0.2472910298625386,0.9068600479906408,1787272.84999354,0.673107571196438,5,7,s0_near_bound; noise_near_bound; large_s0_uncertainty; large_noise_uncertainty; large_m_uncertainty; large_s0_arcsec; systematic_residuals,False,False,False,True,True,False,False,True,True,True,False,False,False,False,True,False,True
LVM-30Dor-6563_F24,165.45124532018514,0.2424068405547679,26,0.0760437499999999,0.859852936643792,11,D,9.05457818496156,75.54901147127438,1.5043060856794113,0.3636102601343392,2.8062338217825997e-10,81.33262366478024,0.1113277523454895,1.4999999971213158,7.391721194444627e-12,0.1374829425847216,0.1234961833017397,0.9032178032806844,36683313268.97533,0.4186462769137502,8,7,s0_near_bound; noise_near_bound; large_s0_uncertainty; large_noise_uncertainty; large_m_uncertainty; large_s0_arcsec; systematic_residuals,False,False,False,True,True,False,False,True,True,True,False,False,False,False,True,False,True
LVM-30Dor-6563_F25,165.18969473816853,0.2424068405547679,21,0.0434782608695652,0.6160729352266083,11,D,8.557456376924797,88.02145045723307,1.0554050177858318,0.3636102520176344,1.3257988616854592e-06,81.3994157591135,0.1051292112740588,1.499999963637505,1.5333381072810646e-08,0.2866394170558054,0.194584228831094,0.9043193658585394,19723153.287235014,0.3702072663875599,6,7,s0_near_bound; noise_near_bound; large_s0_uncertainty; large_noise_uncertainty; large_m_uncertainty; large_s0_arcsec; systematic_residuals,False,False,False,True,True,False,False,True,True,True,False,False,False,False,True,False,True
LVM-30Dor-6563_F26,163.96627227506448,0.2424068405547679,21,0.0760437499999999,0.8463804591413835,15,D,163.9645642389566,575.6625306770745,1.1924519438443144,0.3636102603008987,17.307389194934366,81.40108394358815,2.014279863307298,1.4999999978084233,0.4216638297585693,0.5536560900525959,0.5618247716532646,0.9094537284938992,0.7324136284276459,0.2817174133502529,6,9,r0_near_bound; s0_near_bound; large_r0_uncertainty; large_sig2_uncertainty; large_s0_uncertainty; r0_larger_than_fit_range; r0_much_larger_than_fit_range; large_s0_arcsec; systematic_residuals,True,False,False,True,False,True,True,True,False,False,False,False,True,True,True,False,True
LVM-30Dor-6563_F27,163.45687596789088,0.2424068405547679,21,0.0760437499999999,0.8027626376003947,14,D,21.027438377914702,139.19948055649596,0.911658447539629,0.3636102412113614,7.054171311834372e-06,81.33625080834324,0.2585248049785665,1.499999919058429,9.632297681741276e-08,6.115718765990995,1.7912454262480757,0.9046624487756604,4227578.708123091,0.365272328378095,5,9,s0_near_bound; noise_near_bound; large_r0_uncertainty; large_sig2_uncertainty; large_s0_uncertainty; large_noise_uncertainty; large_m_uncertainty; large_s0_arcsec; systematic_residuals,False,False,False,True,True,True,True,True,True,True,False,False,False,False,True,False,True
LVM-30Dor-6563_F28,161.29119410663537,0.2424068405547679,25,0.1005678593749999,0.7584121140800236,8,D,11.89540538569155,37.53846971645774,1.531438359826948,0.0242406879427924,2.4314723393919393,72.48884144847334,0.1640998138195803,0.100000016036328,0.1511578222760267,0.175032017390444,0.1240730589091123,13.661053151825651,2.668282107466719,0.4183253948614276,4,5,s0_near_bound; large_s0_uncertainty; large_noise_uncertainty; large_m_uncertainty; systematic_residuals,False,False,False,True,False,False,False,True,True,True,False,False,False,False,False,False,True
LVM-30Dor-6563_F29,164.4997296975798,0.2424068405547679,14,0.05,0.6299430959877134,11,D,9.64308857773371,11.98222072109678,1.1866263702525957,0.0242407329149506,9.2185662042121e-07,81.28019221944466,0.1186400808661817,0.100000201559798,4.434982198326757e-08,1.0075496555757777,0.4629364858364412,13.65742323755912,12685369.293173326,0.7727056437320445,5,7,s0_near_bound; noise_near_bound; large_r0_uncertainty; large_s0_uncertainty; large_noise_uncertainty; large_m_uncertainty; systematic_residuals,False,False,False,True,True,True,False,True,True,True,False,False,False,False,False,False,True
LVM-30Dor-6563_F3,163.78836567062845,0.2424068405547679,26,0.1005678593749999,0.948674141820276,15,D,102.87761637411352,38.7128304801157,0.6253616592632372,0.3636092988253905,2.7009215538248855e-10,81.33241392051562,1.2649030246987818,1.499996031437235,2.8252359325035104e-11,0.7727936404681671,0.5847041407154536,0.90758347210255,19046790268.000095,0.4208775489218859,10,10,s0_near_bound; noise_near_bound; large_r0_uncertainty; large_sig2_uncertainty; large_s0_uncertainty; large_noise_uncertainty; large_m_uncertainty; r0_larger_than_fit_range; large_s0_arcsec; systematic_residuals,False,False,False,True,True,True,True,True,True,True,False,False,True,False,True,False,True
LVM-30Dor-6563_F30,161.5556353584623,0.2424068405547679,13,0.0187968519961546,0.5510028435890507,11,D,79.8596823905241,62.54342998215767,1.0442821703606633,0.3636084499730783,14.782885410709437,72.55649865650922,1.100655129026953,1.499992529670081,0.4134069918926576,0.9931934544703748,0.7302063656867934,0.9106841321340262,0.6752455553851536,0.3819050585627108,3,7,s0_near_bound; large_r0_uncertainty; large_sig2_uncertainty; large_s0_uncertainty; large_m_uncertainty; r0_larger_than_fit_range; large_s0_arcsec,False,False,False,True,False,True,True,True,False,True,False,False,True,False,True,False,False
LVM-30Dor-6563_F31,164.07809663540752,0.2424068405547679,26,0.0661249999999999,0.8108555995293288,9,D,22.403293305362723,67.40320978234449,1.1629957668247286,0.3636101945461215,5.858412262462998,81.3315241427587,0.2754564548186619,1.4999997265504956,0.3012951748225179,0.6234026290560438,0.4254968886931664,0.9088064342546236,0.997608677013192,0.2579774155321954,7,5,s0_near_bound; large_r0_uncertainty; large_s0_uncertainty; large_s0_arcsec; systematic_residuals,False,False,False,True,False,True,False,True,False,False,False,False,False,False,True,False,True
LVM-30Dor-6563_F32,162.55003403555384,0.2424068405547679,25,0.05,0.9571173158720088,8,D,19.641303022830403,140.15362326600206,1.4554009154598992,0.3636102597477668,4.542362679752023,72.48768516027845,0.2709605497734031,1.4999999955265904,0.1536038494518894,0.136327114564504,0.1081511638184968,0.9094333786141604,1.2399254197733935,0.1773621365930529,5,5,s0_near_bound; large_s0_uncertainty; large_noise_uncertainty; large_s0_arcsec; systematic_residuals,False,False,False,True,False,False,False,True,True,False,False,False,False,False,True,False,True
LVM-30Dor-6563_F4,163.47807322128318,0.2424068405547679,21,0.0574999999999999,0.9620363711444576,19,D,163.03775420711764,81.9875999740597,0.8914682104462905,0.3636029569225281,9.9612841721159,81.33065242028064,2.0046286283873767,1.499969869209932,0.5695511314651107,0.6449006866916152,0.5291170623487989,0.9091680997896708,0.7785509871334938,0.3909390982220824,9,11,r0_near_bound; s0_near_bound; large_r0_uncertainty; large_sig2_uncertainty; large_s0_uncertainty; large_m_uncertainty; r0_larger_than_fit_range; r0_much_larger_than_fit_range; large_s0_arcsec; large_noise_fraction; systematic_residuals,True,False,False,True,False,True,True,True,False,True,False,False,True,True,True,True,True
LVM-30Dor-6563_F5,163.21201965496698,0.2424068405547679,23,0.1156530382812499,0.770022144940301,14,D,16.98267788170457,25.30576622070305,0.8380979781344186,0.3636102593767478,3.116876622629053e-05,81.33231094362077,0.2088060413465553,1.499999993996027,2.6516150187159853e-06,8.345941468253336,2.0001180485762866,0.9088687701990374,333502.8364139298,0.6130459552552884,6,9,s0_near_bound; noise_near_bound; large_r0_uncertainty; large_sig2_uncertainty; large_s0_uncertainty; large_noise_uncertainty; large_m_uncertainty; large_s0_arcsec; systematic_residuals,False,False,False,True,True,True,True,True,True,True,False,False,False,False,True,False,True
LVM-30Dor-6563_F6,165.1579136428476,0.2424068405547679,26,0.0574999999999999,0.839229826426781,10,D,17.135607227777363,8.189224202913715,1.6507681713978792,0.0242408883380789,9.14926261232952,81.33252405761608,0.2106857917705649,0.1000008427262272,0.9635591981268686,0.1929390169389908,0.4097490381999275,13.63457399056438,0.4141502004036591,0.6786423787361386,4,6,sig2_near_bound; s0_near_bound; large_s0_uncertainty; large_m_uncertainty; large_noise_fraction; systematic_residuals,False,True,False,True,False,False,False,True,False,True,False,False,False,False,False,True,True
LVM-30Dor-6563_F7,164.6059112806364,0.2424068405547679,20,0.0760437499999999,0.8317488588208489,13,D,8.212198514161019,25.58300226219637,1.1557462532405862,0.3636102275903032,1.8530263609677131e-06,81.40093476183871,0.1008858011052098,1.4999998628675304,6.259043794611623e-08,0.6368682005736889,0.3661742558250725,0.9090875009969408,8838430.617843674,0.7771716055441396,6,8,s0_near_bound; noise_near_bound; large_r0_uncertainty; large_s0_uncertainty; large_noise_uncertainty; large_m_uncertainty; large_s0_arcsec; systematic_residuals,False,False,False,True,True,True,False,True,True,True,False,False,False,False,True,False,True
LVM-30Dor-6563_F8,166.13581602041614,0.2424068405547679,20,0.0574999999999999,0.9338425824163116,18,D,162.95537129405986,175.38244691979563,0.8141629670643256,0.3635853997806917,9.553829530989526,81.40069106186077,2.00189174278903,1.499897440800749,0.2615826049740474,0.6507617479283707,0.5081812036851571,0.9096767479640664,1.2566539164265134,0.3118099771807119,8,11,r0_near_bound; s0_near_bound; large_r0_uncertainty; large_sig2_uncertainty; large_s0_uncertainty; large_noise_uncertainty; large_m_uncertainty; r0_larger_than_fit_range; r0_much_larger_than_fit_range; large_s0_arcsec; systematic_residuals,True,False,False,True,False,True,True,True,True,True,False,False,True,True,True,False,True
LVM-30Dor-6563_F9,165.0856828269635,0.2424068405547679,26,0.3076393810647381,0.8532812693052886,18,D,165.08525507013383,189.78763148543405,0.500000000023132,0.0242406843881291,171.17248564385758,81.33208549062407,2.029767884031018,0.1000000013722893,0.8209924997243001,0.3592226216365827,1.0041707134051976,13.64253999358468,0.5817881173226587,1.4886123307416943,8,11,r0_near_bound; sig2_near_bound; m_near_bound; s0_near_bound; large_sig2_uncertainty; large_s0_uncertainty; large_m_uncertainty; r0_larger_than_fit_range; r0_much_larger_than_fit_range; large_noise_fraction; systematic_residuals,True,True,True,True,False,False,True,True,False,True,False,False,True,True,False,True,True
LVM-30Dor-6563_G1,162.90798984950996,0.2424068405547679,26,0.0661249999999999,0.7985908022494553,11,D,9.699431919810449,50.97227289409173,0.997022287375376,0.3636102198072584,2.413925154192674e-06,81.3313688007389,0.1192581910624665,1.499999830760166,8.750897569229373e-08,0.3667357819715018,0.2817788944384715,0.9075225077864816,7367249.483541596,0.727039944531832,9,7,s0_near_bound; noise_near_bound; large_s0_uncertainty; large_noise_uncertainty; large_m_uncertainty; large_s0_arcsec; systematic_residuals,False,False,False,True,True,False,False,True,True,True,False,False,False,False,True,False,True
LVM-30Dor-6563_G10,166.34500045961934,0.2424068405547679,25,0.1758938145959959,0.9424688694995456,12,D,30.734414604099904,168.92149633168577,1.191950730254211,0.3636102582398638,2.1193822552300075e-08,81.33548711048432,0.3778721403899746,1.4999999893060438,1.068643861583915e-09,4.293746053467721,3.3530094693290695,0.906274707921398,670459307.0517089,0.2754336813909117,9,8,s0_near_bound; noise_near_bound; large_r0_uncertainty; large_sig2_uncertainty; large_s0_uncertainty; large_noise_uncertainty; large_s0_arcsec; systematic_residuals,False,False,False,True,True,True,True,True,True,False,False,False,False,False,True,False,True
LVM-30Dor-6563_G11,166.5727653752227,0.2424068405547679,26,0.0874503124999999,0.8682527962405556,12,D,26.219290736391795,58.68260818078262,1.1010216764270626,0.0242407020626959,46.677577861846,81.33257173642323,0.3223713473780393,0.1000000742851114,0.874901921451393,5.22371269559474,2.4596371251533027,13.644236037057343,0.7635495123223707,0.5855076417012751,5,7,s0_near_bound; large_r0_uncertainty; large_sig2_uncertainty; large_s0_uncertainty; large_m_uncertainty; large_noise_fraction; systematic_residuals,False,False,False,True,False,True,True,True,False,True,False,False,False,False,False,True,True
LVM-30Dor-6563_G12,165.95377488837693,0.2424068405547679,26,0.0378071833648393,0.5252901309444828,5,C,33.647957225347,109.1680054920514,1.4196189264837982,0.1481298986865802,0.8736589970894154,81.33242839883798,0.4137089951420624,0.6110796970397897,0.0790720131924551,0.179421993990223,0.1663278064131727,1.400860214972364,1.9212709068943323,0.0999581930237489,5,4,noise_near_bound; large_s0_uncertainty; large_noise_uncertainty; systematic_residuals,False,False,False,False,True,False,False,True,True,False,False,False,False,False,False,False,True
LVM-30Dor-6563_G13,166.77886877556685,0.2424068405547679,26,0.0874503124999999,0.8622971609223479,6,C,14.315649482770404,27.295045332452027,1.6810328666000292,0.0242406851620143,2.5815003564516688,81.33246786792026,0.1760139567634697,0.1000000045647949,0.3132813535686198,0.1206087851547272,0.1191646125890179,13.66163343117162,1.0776396728156472,0.280628984966746,5,4,s0_near_bound; large_s0_uncertainty; large_noise_uncertainty; systematic_residuals,False,False,False,True,False,False,False,True,True,False,False,False,False,False,False,False,True
LVM-30Dor-6563_G14,168.06064777984622,0.2424068405547679,26,0.0574999999999999,0.8357916165905134,11,D,8.50910812174733,41.60865531937806,1.5356125592254584,0.3636102604309154,0.9621843978718913,81.33251086018437,0.1046212397939492,1.4999999983447805,0.0409048993618659,0.1287088710138006,0.1291827870738007,0.906734042790884,7.259857591111919,0.4148327795078723,7,7,s0_near_bound; noise_near_bound; large_s0_uncertainty; large_noise_uncertainty; large_m_uncertainty; large_s0_arcsec; systematic_residuals,False,False,False,True,True,False,False,True,True,True,False,False,False,False,True,False,True
LVM-30Dor-6563_G15,148.21438811047173,0.2424068405547679,25,0.0760437499999999,0.910137811159882,9,D,8.970359069549767,52.60212140227161,1.9999999805642423,0.0242406855560532,7.209892613460531,72.48972482714832,0.1237466287937991,0.1000000061903222,0.2303002913984871,0.0942771503090197,0.1211898252872923,13.648231282819497,0.9440912177090122,0.3747318867031273,7,5,m_near_bound; s0_near_bound; large_s0_uncertainty; large_m_uncertainty; systematic_residuals,False,False,True,True,False,False,False,True,False,True,False,False,False,False,False,False,True
LVM-30Dor-6563_G2,163.65137358657762,0.2424068405547679,26,0.0328758116215994,0.5394785408244082,7,D,12.717005185973925,55.804851402564694,1.3313473875675597,0.024240968836345,27.029701904718987,81.33234419751028,0.1563585226941388,0.1000011748054122,0.5750917239348922,0.1228463624531449,0.1659035673829932,13.654423556721438,0.4470312645406238,0.2677309987313025,6,4,s0_near_bound; large_s0_uncertainty; large_noise_fraction; systematic_residuals,False,False,False,True,False,False,False,True,False,False,False,False,False,False,False,True,True
LVM-30Dor-6563_G20,167.622890008332,0.2424068405547679,25,0.0661249999999999,0.8437109964437998,10,D,45.34670599470061,20.089671800838843,1.3724235902993782,0.2275050973120785,3.1756125616020743,81.33244909943674,0.5575475286531689,0.9385258963460535,0.7167218318308815,2.5453125357847446,2.056343931968762,0.8558238413108896,0.6070632449479513,0.4055530779094507,9,6,large_r0_uncertainty; large_sig2_uncertainty; large_s0_uncertainty; large_m_uncertainty; large_noise_fraction; systematic_residuals,False,False,False,False,False,True,True,True,False,True,False,False,False,False,False,True,True
LVM-30Dor-6563_G21,167.74624233100178,0.2424068405547679,23,0.05,0.9987602077548988,6,C,74.81015742723278,56.51169868426173,1.313428460781246,0.2139685430604351,0.931749533086006,81.33196090634677,0.9198125385588108,0.882683601546683,0.1937784523529206,1.20438160154119,1.2737356594067004,0.8461236453462805,0.9081434684783832,0.1465896143645992,7,4,large_r0_uncertainty; large_sig2_uncertainty; large_s0_uncertainty; systematic_residuals,False,False,False,False,False,True,True,True,False,False,False,False,False,False,False,False,True
LVM-30Dor-6563_G22,167.09224529357766,0.2424068405547679,24,0.0434782608695652,0.5316980514015178,6,C,13.378055389633031,9.631181668798444,1.7187713430597644,0.0242406888258213,0.6365626237703884,81.33287519481166,0.1644852140981048,0.1000000196790838,0.1559724935938949,0.0565179411867256,0.0700233819015715,13.650677907255709,1.2560872544409931,0.2211413216295561,5,4,s0_near_bound; large_s0_uncertainty; large_noise_uncertainty; systematic_residuals,False,False,False,True,False,False,False,True,True,False,False,False,False,False,False,False,True
LVM-30Dor-6563_G23,168.05896768728496,0.2424068405547679,26,0.0661249999999999,0.976380171635592,11,D,8.638114455416119,17.800002270585647,1.424666865984395,0.3636102608283323,0.8299971329944537,81.33232681552553,0.1062076396143038,1.4999999999842428,0.092880853877943,0.1804886945049371,0.1615575156870731,0.9074955811935402,4.838527192727738,0.4945175439813101,9,7,s0_near_bound; noise_near_bound; large_s0_uncertainty; large_noise_uncertainty; large_m_uncertainty; large_s0_arcsec; systematic_residuals,False,False,False,True,True,False,False,True,True,True,False,False,False,False,True,False,True
LVM-30Dor-6563_G24,166.44138018612526,0.2424068405547679,22,0.0874503124999999,0.7789215786083772,11,D,12.217719850642622,54.4684423333905,1.518595242904182,0.3636102603022927,1.3550490301941632e-10,81.3323655349267,0.1502196545039126,1.4999999978141738,4.40739021512124e-12,0.1853490729257499,0.1376086866846218,0.906598967562403,60623896001.40561,0.4457690072901075,6,7,s0_near_bound; noise_near_bound; large_s0_uncertainty; large_noise_uncertainty; large_m_uncertainty; large_s0_arcsec; systematic_residuals,False,False,False,True,True,False,False,True,True,True,False,False,False,False,True,False,True
LVM-30Dor-6563_G25,166.78231635824375,0.2424068405547679,26,0.1005678593749999,0.838511994603232,12,D,32.68090910446702,176.80279999272918,1.045605911805797,0.3636102530195676,9.126180069059347e-10,81.33251002968036,0.401818523644984,1.499999967770776,3.332760392616645e-11,3.752360733136694,2.0828126674667047,0.903168393898375,14370302240.458525,0.2972924500779441,4,8,s0_near_bound; noise_near_bound; large_r0_uncertainty; large_sig2_uncertainty; large_s0_uncertainty; large_noise_uncertainty; large_s0_arcsec; systematic_residuals,False,False,False,True,True,True,True,True,True,False,False,False,False,False,True,False,True
LVM-30Dor-6563_G26,166.39709052194382,0.2424068405547679,26,0.05,0.9977340930423414,11,D,8.983409120025525,254.0202192246305,1.5728960085203605,0.3636101930830206,10.625708991372994,81.33381368858203,0.1104510991507417,1.4999997205147713,0.0834821102306106,0.1010137309270704,0.1084378207289318,0.9065517203573688,3.164594053313728,0.352792385689487,8,7,s0_near_bound; noise_near_bound; large_s0_uncertainty; large_noise_uncertainty; large_m_uncertainty; large_s0_arcsec; systematic_residuals,False,False,False,True,True,False,False,True,True,True,False,False,False,False,True,False,True
LVM-30Dor-6563_G27,166.79864348468766,0.2424068405547679,26,0.1005678593749999,0.9224422186002506,13,D,15.404475009594943,184.70513703107804,1.033133228540507,0.3636102606268933,0.0001033286334433,81.3325520377547,0.189401102309493,1.499999999153247,1.7893286685671976e-06,0.8759970340735553,0.3463565920430457,0.9069741592163068,378374.60950046533,0.4702579660722508,5,8,s0_near_bound; noise_near_bound; large_r0_uncertainty; large_s0_uncertainty; large_noise_uncertainty; large_m_uncertainty; large_s0_arcsec; systematic_residuals,False,False,False,True,True,True,False,True,True,True,False,False,False,False,True,False,True
LVM-30Dor-6563_G28,167.03690176842338,0.2424068405547679,26,0.152951143126953,0.9330639134738402,10,D,11.618949632642954,214.155696288177,1.999999995548553,0.0242406851807661,12.404454112102696,81.332525996616,0.1428573561471136,0.1000000046421519,0.139642870257775,0.1798814737653235,0.1490576378757696,13.66578895439924,1.482288834459254,0.4355002995419494,6,6,m_near_bound; s0_near_bound; large_s0_uncertainty; large_noise_uncertainty; large_m_uncertainty; systematic_residuals,False,False,True,True,False,False,False,True,True,True,False,False,False,False,False,False,True
LVM-30Dor-6563_G29,165.806363358351,0.2424068405547679,26,0.1156530382812499,0.7874348164049012,13,D,3.8017590913725527,42.83507718465496,1.1040226314825443,0.3636102595666015,0.000270827366314,81.33183456286872,0.0467438010196835,1.4999999947792295,7.223826185049152e-06,1.1824119109603004,0.4709961283098385,0.9064617984740536,128234.82324660334,0.8578612150346336,6,8,s0_near_bound; noise_near_bound; large_r0_uncertainty; large_s0_uncertainty; large_noise_uncertainty; large_m_uncertainty; large_s0_arcsec; systematic_residuals,False,False,False,True,True,True,False,True,True,True,False,False,False,False,True,False,True
LVM-30Dor-6563_G3,163.0483642707714,0.2424068405547679,26,0.0874503124999999,0.9926345132451164,7,D,8.762173280504319,24.283932843624136,1.675854116817293,0.0242406844023092,13.395666251034651,81.3325053011135,0.1077327354919725,0.1000000014307866,0.4447246519930622,0.2433888730473528,0.309073471759889,13.651278415680288,0.8893427812149641,0.5646529218563292,7,4,s0_near_bound; large_s0_uncertainty; large_m_uncertainty; systematic_residuals,False,False,False,True,False,False,False,True,False,True,False,False,False,False,False,False,True
LVM-30Dor-6563_G30,165.06639829460372,0.2424068405547679,21,0.0661249999999999,0.8227042616127823,15,D,160.38821344827502,840.7486370788704,0.995617852509022,0.3635847555469317,1.3995880327147992e-09,81.40082979960958,1.970351086630376,1.4998947831457154,2.0922543345518972e-11,0.5885935279259443,0.5207051462881124,0.9063027213212532,13193771088.359291,0.2007403691843343,8,10,r0_near_bound; s0_near_bound; noise_near_bound; large_r0_uncertainty; large_sig2_uncertainty; large_s0_uncertainty; large_noise_uncertainty; r0_larger_than_fit_range; large_s0_arcsec; systematic_residuals,True,False,False,True,True,True,True,True,True,False,False,False,True,False,True,False,True
LVM-30Dor-6563_G31,163.41417898907793,0.2424068405547679,21,0.0874503124999999,0.8842998954635778,14,D,23.01725217060955,227.16639316010512,1.0038087542743916,0.3636102603533832,2.4244326682618e-09,81.39292952175853,0.2827917892358993,1.499999998024937,2.5525406051761957e-11,5.854198810092497,2.3088347156713422,0.9045397947536402,14010517461.92526,0.3078152591705811,5,9,s0_near_bound; noise_near_bound; large_r0_uncertainty; large_sig2_uncertainty; large_s0_uncertainty; large_noise_uncertainty; large_m_uncertainty; large_s0_arcsec; systematic_residuals,False,False,False,True,True,True,True,True,True,True,False,False,False,False,True,False,True
LVM-30Dor-6563_G32,162.85162450562865,0.2424068405547679,26,0.3537852882244488,0.8048661989886432,16,D,17.358245310445014,48.8133933344653,1.999999879320451,0.3636102327933781,1.4507886839904414e-08,81.32318879062318,0.2134476717967369,1.499999884331755,1.1638236758965787e-09,5.252193014858667,3.902247861898881,0.907735707739892,357088424.3929749,0.8095725607278477,9,10,m_near_bound; s0_near_bound; noise_near_bound; large_r0_uncertainty; large_sig2_uncertainty; large_s0_uncertainty; large_noise_uncertainty; large_m_uncertainty; large_s0_arcsec; systematic_residuals,False,False,True,True,True,True,True,True,True,True,False,False,False,False,True,False,True
LVM-30Dor-6563_G33,163.6491655335995,0.2424068405547679,26,0.152951143126953,0.8501131915932666,14,D,22.073744079369895,33.89599981873102,1.2635982366914702,0.3636102601914712,1.7134628944842943e-10,81.34417141302282,0.2713623323703312,1.4999999973570022,2.5318376476388807e-11,5.236667142214129,3.082004011209832,0.9049741839181058,16872874067.6755,0.371163700522054,9,9,s0_near_bound; noise_near_bound; large_r0_uncertainty; large_sig2_uncertainty; large_s0_uncertainty; large_noise_uncertainty; large_m_uncertainty; large_s0_arcsec; systematic_residuals,False,False,False,True,True,True,True,True,True,True,False,False,False,False,True,False,True
LVM-30Dor-6563_G34,161.41270075011062,0.2424068405547679,13,0.05,0.8575354730858293,19,D,161.41245683054734,202.10447192151173,1.3344120775712196,0.3636063480057312,30.14687761208521,72.55655480258325,2.2246433457284347,1.499983858432329,0.5839193515003548,0.6379142814623683,0.6758562622856955,0.9094480664035596,0.717938393114032,0.5892713176360658,5,11,r0_near_bound; s0_near_bound; large_r0_uncertainty; large_sig2_uncertainty; large_s0_uncertainty; large_m_uncertainty; r0_larger_than_fit_range; r0_much_larger_than_fit_range; large_s0_arcsec; large_noise_fraction; systematic_residuals,True,False,False,True,False,True,True,True,False,True,False,False,True,True,True,True,True
LVM-30Dor-6563_G35,162.10086299268792,0.2424068405547679,13,0.0216163797955778,0.6475074796845404,6,C,137.8879729254819,189.8919659553928,1.6617186989667272,0.0242406866080945,10.185623752784696,72.56144392525938,1.9002925722855095,0.1000000105303042,0.4509429134894692,0.4296331317926848,0.5455888490103091,13.662291280973273,0.2176706749580552,0.2240324734105032,3,5,sig2_near_bound; s0_near_bound; large_sig2_uncertainty; large_s0_uncertainty; r0_larger_than_fit_range,False,True,False,True,False,False,True,True,False,False,False,False,True,False,False,False,False
LVM-30Dor-6563_G36,162.2932664808788,0.2424068405547679,24,0.4068530814581161,0.9991632236214054,16,D,26.823821558961185,35.969915815996345,1.9999999987610404,0.363610230789402,0.1615396930626531,72.44415109142682,0.3702689748563507,1.4999998760647602,0.0376479013841582,3.412796641404616,3.24080549269087,0.9095915117268388,19.27252108791952,0.6535836235667742,8,10,m_near_bound; s0_near_bound; noise_near_bound; large_r0_uncertainty; large_sig2_uncertainty; large_s0_uncertainty; large_noise_uncertainty; large_m_uncertainty; large_s0_arcsec; systematic_residuals,False,False,True,True,True,True,True,True,True,True,False,False,False,False,True,False,True
LVM-30Dor-6563_G37,163.28306688527627,0.2424068405547679,26,0.0874503124999999,0.940830322201288,13,D,141.60127357246608,199.57563816587725,0.8436586504067878,0.3635951899416,1.0867273544224384e-08,81.33268750291379,1.7410130898157417,1.4999378281136069,6.90430034535395e-10,0.6479367037598103,0.5187024820985549,0.9033899982537552,578438122.5968306,0.2064839127936606,9,9,s0_near_bound; noise_near_bound; large_r0_uncertainty; large_sig2_uncertainty; large_s0_uncertainty; large_noise_uncertainty; r0_larger_than_fit_range; large_s0_arcsec; systematic_residuals,False,False,False,True,True,True,True,True,True,False,False,False,True,False,True,False,True
LVM-30Dor-6563_G38,163.2057845411294,0.2424068405547679,26,0.0874503124999999,0.8561946255457821,12,D,12.806955195408172,72.38144917709216,1.249428683491277,0.3636102519583191,5.628189088907154e-08,81.33252414716942,0.1574641304902116,1.4999999633928116,2.144884572134908e-09,0.2918967117703878,0.1741404852768732,0.9071822471523188,214954105.04305488,0.4559613146629215,8,8,sig2_near_bound; s0_near_bound; noise_near_bound; large_s0_uncertainty; large_noise_uncertainty; large_m_uncertainty; large_s0_arcsec; systematic_residuals,False,True,False,True,True,False,False,True,True,True,False,False,False,False,True,False,True
LVM-30Dor-6563_G4,164.28371525534376,0.2424068405547679,21,0.0216163797955778,0.5400046217584917,5,C,8.142904166430474,22.98913719870983,1.321283575504591,0.170102642096426,10.475538444374868,81.40067953175836,0.1000348426238079,0.70172377028277,0.2950659373901933,0.2598292351669925,0.230079819148313,1.0903330529614952,0.8955008441119692,0.4532076948427082,5,3,large_s0_uncertainty; large_m_uncertainty; systematic_residuals,False,False,False,False,False,False,False,True,False,True,False,False,False,False,False,False,True
LVM-30Dor-6563_G5,162.69683147365026,0.2424068405547679,20,0.0285876622796516,0.5724046342257625,15,D,7.040752068821427,43.649515410312816,0.5208576954348775,0.3636102606862024,7.648526983419483e-05,72.51075746912142,0.0970994141361675,1.499999999397915,1.7482621441376822e-06,2.7350149570017597,0.3854310287138597,0.9042080048972712,313822.6297053945,0.3784962678918729,5,9,m_near_bound; s0_near_bound; noise_near_bound; large_r0_uncertainty; large_s0_uncertainty; large_noise_uncertainty; large_m_uncertainty; large_s0_arcsec; systematic_residuals,False,False,True,True,True,True,False,True,True,True,False,False,False,False,True,False,True
LVM-30Dor-6563_G6,164.80887215128917,0.2424068405547679,22,0.0434782608695652,0.5062883426661403,19,D,164.8077063575458,39.87407347897321,1.9999999999939095,0.3636102313934266,21.76467535910181,81.33451054899315,2.02629492997651,1.4999998785565405,1.0185921422470847,0.4739493621613777,0.7180268177765691,0.9093062013040616,0.0519051508194159,0.6454511097360027,10,11,r0_near_bound; m_near_bound; s0_near_bound; large_sig2_uncertainty; large_s0_uncertainty; large_m_uncertainty; r0_larger_than_fit_range; r0_much_larger_than_fit_range; large_s0_arcsec; large_noise_fraction; systematic_residuals,True,False,True,True,False,False,True,True,False,True,False,False,True,True,True,True,True
LVM-30Dor-6563_G7,164.4234071449636,0.2424068405547679,26,0.0434782608695652,0.5431352413109026,15,D,29.03901469801067,7.257456919840044,1.3954730549024184,0.3636102605869904,16.939914930498936,81.33208077057174,0.3570425645438277,1.499999998988636,0.9306844765837168,4.499876655499616,2.5676888547484427,0.909136251600068,0.3102857882082376,0.8611825552867586,5,9,sig2_near_bound; s0_near_bound; large_r0_uncertainty; large_sig2_uncertainty; large_s0_uncertainty; large_m_uncertainty; large_s0_arcsec; large_noise_fraction; systematic_residuals,False,True,False,True,False,True,True,True,False,True,False,False,False,False,True,True,True
LVM-30Dor-6563_G8,164.39583530949668,0.2424068405547679,21,0.05,0.6632626086516263,16,D,33.556171339604816,57.13954432284487,0.5489706381537497,0.3636102600090398,0.0010079095374725,81.40108840649845,0.4122324651487823,1.4999999966044186,3.1276155450175095e-05,3.719957733150397,0.7303093170313919,0.9083174943635336,19327.74975949588,0.4732644618036402,6,10,m_near_bound; s0_near_bound; noise_near_bound; large_r0_uncertainty; large_sig2_uncertainty; large_s0_uncertainty; large_noise_uncertainty; large_m_uncertainty; large_s0_arcsec; systematic_residuals,False,False,True,True,True,True,True,True,True,True,False,False,False,False,True,False,True
LVM-30Dor-6563_G9,166.0148836231959,0.2424068405547679,20,0.0328758116215994,0.627815434794543,7,D,13.540937767651112,25.02279182650308,1.5170075674816843,0.0242407021518982,8.154906921088735,81.40084398931218,0.1663488620514674,0.1000000746530972,0.2907282920658961,0.1424702406112669,0.1726345930351796,13.647424212800273,0.8229326089881057,0.3426148775774629,8,4,s0_near_bound; large_s0_uncertainty; large_m_uncertainty; systematic_residuals,False,False,False,True,False,False,False,True,False,True,False,False,False,False,False,False,True
LVM-30Dor-6563_H1,162.34098024812565,0.2424068405547679,25,0.1005678593749999,0.881035520337442,16,D,36.24799973395425,69.28861536843262,0.5695728918089693,0.3636093455381281,8.77580192880052e-10,72.48755862850422,0.5000582226768565,1.4999962241411104,3.9236040801956696e-11,3.385912380413086,0.9196393376553522,0.9052709776534846,20372298459.26698,0.3323993814846558,7,10,m_near_bound; s0_near_bound; noise_near_bound; large_r0_uncertainty; large_sig2_uncertainty; large_s0_uncertainty; large_noise_uncertainty; large_m_uncertainty; large_s0_arcsec; systematic_residuals,False,False,True,True,True,True,True,True,True,True,False,False,False,False,True,False,True
LVM-30Dor-6563_H10,165.34389227944632,0.2424068405547679,21,0.0378071833648393,0.5382692038796913,12,D,22.90924481291733,17.112017963411137,1.9760877505890924,0.0242406933505695,19.738260257550472,81.4003620019398,0.2814391023515521,0.10000003834501,0.9289267361362994,0.1247090775229386,0.2263903338664197,13.654808968667997,0.2466025201341515,0.5513461236686372,6,7,sig2_near_bound; m_near_bound; s0_near_bound; large_s0_uncertainty; large_m_uncertainty; large_noise_fraction; systematic_residuals,False,True,True,True,False,False,False,True,False,True,False,False,False,False,False,True,True
LVM-30Dor-6563_H11,165.67975390620686,0.2424068405547679,26,0.1758938145959959,0.8882428882015498,15,D,16.456338014798785,37.19470630716493,1.7024815042972912,0.3636101298907269,35.746449788598,81.33411784965871,0.2023300731584419,1.4999994598278468,1.034864717666575,8.847327985950143,4.387566857872002,0.911031322108936,0.944642971018483,1.183710289645821,6,9,sig2_near_bound; s0_near_bound; large_r0_uncertainty; large_sig2_uncertainty; large_s0_uncertainty; large_m_uncertainty; large_s0_arcsec; large_noise_fraction; systematic_residuals,False,True,False,True,False,True,True,True,False,True,False,False,False,False,True,True,True
LVM-30Dor-6563_H12,166.56285031697786,0.2424068405547679,26,0.0661249999999999,0.8390331946844265,9,D,12.737340486787335,120.0699191293702,1.7367447637674998,0.0242406840958956,41.80723929462992,81.33526902218021,0.156602918265554,0.1000000001667397,0.5449225962953052,0.1229808376966436,0.167787770644702,13.643119739235704,0.6522948920235422,0.4024865312232952,7,5,s0_near_bound; large_s0_uncertainty; large_m_uncertainty; large_noise_fraction; systematic_residuals,False,False,False,True,False,False,False,True,False,True,False,False,False,False,False,True,True
LVM-30Dor-6563_H13,166.55899727062348,0.2424068405547679,21,0.0434782608695652,0.5446891702842355,8,D,58.09458206880331,381.45203122029113,1.6531444251571243,0.0242408745590664,12.666272244851074,81.4003597178885,0.7136895005150262,0.1000007858837201,0.3358077349402883,1.1458151364706632,1.476272921410318,13.65509415973688,0.625306196821963,0.2435893468514658,8,5,s0_near_bound; large_r0_uncertainty; large_sig2_uncertainty; large_s0_uncertainty; systematic_residuals,False,False,False,True,False,True,True,True,False,False,False,False,False,False,False,False,True
LVM-30Dor-6563_H14,166.42374664534324,0.2424068405547679,21,0.0574999999999999,0.7608025997192334,11,D,15.380668581877334,79.9328660552921,1.3820196418317907,0.3636102602426732,1.3712101369280517e-08,81.40070784652536,0.1889500593886281,1.4999999975682257,3.2992630215801343e-10,0.1479202233278908,0.1429103945776125,0.9078752998894536,886020434.5347618,0.4191910349788887,5,7,s0_near_bound; noise_near_bound; large_s0_uncertainty; large_noise_uncertainty; large_m_uncertainty; large_s0_arcsec; systematic_residuals,False,False,False,True,True,False,False,True,True,True,False,False,False,False,True,False,True
LVM-30Dor-6563_H15,167.56812250226417,0.2424068405547679,26,0.0760437499999999,0.8878299046953434,6,C,16.979074601463317,37.21969473843622,1.2675885209407844,0.2588949692660629,3.884303030546079,81.33218979887218,0.2087620491154999,1.0680184134802488,0.3121609636345683,0.2602204499922296,0.2060524553677861,0.8728890345620287,1.2443861550477182,0.3342119328647268,7,4,large_s0_uncertainty; large_noise_uncertainty; large_m_uncertainty; systematic_residuals,False,False,False,False,False,False,False,True,True,True,False,False,False,False,False,False,True
LVM-30Dor-6563_H16,167.66683467905233,0.2424068405547679,21,0.0378071833648393,0.584844335057089,9,D,11.940173941098603,7.950915778202995,1.105339981727239,0.363610260803115,1.0439575727910116e-07,81.33457151060448,0.1468031824516568,1.4999999998802138,1.7566625499667552e-08,0.16117487387961,0.1242823581576222,0.9034187330169368,11786161.468650425,0.2455963555900042,7,6,s0_near_bound; noise_near_bound; large_s0_uncertainty; large_noise_uncertainty; large_s0_arcsec; systematic_residuals,False,False,False,True,True,False,False,True,True,False,False,False,False,False,True,False,True
LVM-30Dor-6563_H17,168.17720541799582,0.2424068405547679,21,0.0574999999999999,0.9533949816218694,13,D,90.7934938703402,129.388778117179,0.9673346242380124,0.3636101056795895,1.322807000436042e-07,81.40074971807812,1.1153889145344822,1.4999993599497357,7.3724176342275655e-09,0.8203407470045535,0.6584080516969607,0.90470848041835,34350261.58158883,0.2092979852708159,6,9,s0_near_bound; noise_near_bound; large_r0_uncertainty; large_sig2_uncertainty; large_s0_uncertainty; large_noise_uncertainty; r0_larger_than_fit_range; large_s0_arcsec; systematic_residuals,False,False,False,True,True,True,True,True,True,False,False,False,True,False,True,False,True
LVM-30Dor-6563_H18,148.63401944379174,0.24240684055476797,25,0.057499999999999996,0.9793629731176624,10,D,7.621558748523105,28.950039105396286,1.5573413406163377,0.36360993497093225,1.7961763417148222,72.48790568184222,0.10514248793412526,1.499998655725973,0.08882700432398248,0.14689587511276533,0.14080609626373852,0.9058963578300581,3.0881357905952416,0.40745946500928865,7,6,s0_near_bound; large_s0_uncertainty; large_noise_uncertainty; large_m_uncertainty; large_s0_arcsec; systematic_residuals,False,False,False,True,False,False,False,True,True,True,False,False,False,False,True,False,True
LVM-30Dor-6563_H2,163.5433285403609,0.2424068405547679,20,0.05,0.9755988819182074,12,D,65.23198276709778,203.28484753278735,0.6587090148329092,0.3636075528040828,2.055010416450005e-09,81.40082892209402,0.8013675490888318,1.4999888285823002,2.711841341444528e-11,1.4568138042186298,0.5767357503190358,0.9047419869727432,13170925279.242195,0.2481789456078479,8,8,s0_near_bound; noise_near_bound; large_r0_uncertainty; large_sig2_uncertainty; large_s0_uncertainty; large_noise_uncertainty; large_s0_arcsec; systematic_residuals,False,False,False,True,True,True,True,True,True,False,False,False,False,False,True,False,True
LVM-30Dor-6563_H3,161.97462773169138,0.2424068405547679,19,0.0434782608695652,0.6131812570928642,11,D,10.875579321712506,33.80354147115537,1.5197664649876326,0.0242407148822447,36.68987655461668,72.51094336252554,0.1499853514157026,0.1000001271695463,0.5186691453722048,0.401068995258223,0.5426915497198239,13.645178223397128,0.8764722524150407,0.6127191795515111,5,7,sig2_near_bound; s0_near_bound; large_sig2_uncertainty; large_s0_uncertainty; large_m_uncertainty; large_noise_fraction; systematic_residuals,False,True,False,True,False,False,True,True,False,True,False,False,False,False,False,True,True
LVM-30Dor-6563_H4,162.94678432834684,0.2424068405547679,26,0.1005678593749999,0.7965059521095377,15,D,28.24526605616119,27.246828112465987,1.587167290233508,0.363610176772415,62.58775732696552,81.33222339938486,0.3472826006177376,1.499999653228693,1.18982657651914,4.651291696334176,3.5986634150693604,0.909261179861144,0.4309350940740258,1.0634142623451486,6,9,sig2_near_bound; s0_near_bound; large_r0_uncertainty; large_sig2_uncertainty; large_s0_uncertainty; large_m_uncertainty; large_s0_arcsec; large_noise_fraction; systematic_residuals,False,True,False,True,False,True,True,True,False,True,False,False,False,False,True,True,True
LVM-30Dor-6563_H5,164.10570486997182,0.2424068405547679,21,0.0434782608695652,0.5708863289751175,17,D,161.22763378456173,138.6418569984595,0.7874921700196114,0.3635774429785625,36.02577886785707,81.33366221473847,1.9822989570896967,1.4998646166357588,0.6351314876548967,0.694709816886279,0.5261913028308327,0.909550023918532,0.6046298357883457,0.4173251136700269,8,10,r0_near_bound; s0_near_bound; large_r0_uncertainty; large_sig2_uncertainty; large_s0_uncertainty; large_m_uncertainty; r0_larger_than_fit_range; large_s0_arcsec; large_noise_fraction; systematic_residuals,True,False,False,True,False,True,True,True,False,True,False,False,True,False,True,True,True
LVM-30Dor-6563_H6,162.61419063947687,0.2424068405547679,20,0.0216163797955778,0.5718323783648394,17,D,90.9737996026838,27.53484001419583,0.561784446961408,0.3635977178091017,11.67883349629564,72.48829049243356,1.2550137268332984,1.499948256315616,0.5732856874384483,0.7444731679921965,0.544336601077609,0.909108205742109,0.4495177079356168,0.4152279169460843,5,10,m_near_bound; s0_near_bound; large_r0_uncertainty; large_sig2_uncertainty; large_s0_uncertainty; large_m_uncertainty; r0_larger_than_fit_range; large_s0_arcsec; large_noise_fraction; systematic_residuals,False,False,True,True,False,True,True,True,False,True,False,False,True,False,True,True,True
LVM-30Dor-6563_H7,138.1509731054638,0.2424068405547679,20,0.0285876622796516,0.5560383234013294,11,D,16.862526011713598,10.275882674449177,1.487208089017546,0.0242408145824054,13.643410380774116,64.59926158130484,0.2610327981921336,0.100000538462233,0.7432025940916344,0.2501428367675018,0.8176066033461191,13.649592801837947,0.5364302109108076,0.7691311766247959,5,7,sig2_near_bound; s0_near_bound; large_sig2_uncertainty; large_s0_uncertainty; large_m_uncertainty; large_noise_fraction; systematic_residuals,False,True,False,True,False,False,True,True,False,True,False,False,False,False,False,True,True
LVM-30Dor-6563_H8,144.97565429267362,0.2424068405547679,24,0.2326195698032046,0.7853924091672452,15,D,8.169683740747612,26.136314557647054,1.9999999982253296,0.3636102495850684,10.359595877527433,64.60038415955312,0.12646494052682,1.4999999536024498,0.2177191725358883,15.736595988999332,3.020198622071873,0.9092366176156674,1.8736237992292777,1.480017014942595,6,9,m_near_bound; s0_near_bound; large_r0_uncertainty; large_sig2_uncertainty; large_s0_uncertainty; large_noise_uncertainty; large_m_uncertainty; large_s0_arcsec; systematic_residuals,False,False,True,True,False,True,True,True,True,True,False,False,False,False,True,False,True
LVM-30Dor-6563_H9,164.54468813809888,0.2424068405547679,21,0.0285876622796516,0.5866929463970689,13,D,4.130532459178646,16.677504773974512,1.7238880502104443,0.0242407097952167,31.024764970775657,81.40061364112374,0.0507432594720869,0.1000001061840493,0.5382715757812327,0.5602387450131014,1.0792777589369684,13.64425775979027,0.9623846748217042,0.8159701249266454,4,8,sig2_near_bound; s0_near_bound; large_r0_uncertainty; large_sig2_uncertainty; large_s0_uncertainty; large_m_uncertainty; large_noise_fraction; systematic_residuals,False,True,False,True,False,True,True,True,False,True,False,False,False,False,False,True,True
