name,quality_class,quality_score,redchi,r0_over_rfitmax,s0_arcsec,noise_fraction,max_residual_run,n_active_flags,active_flags
LVM-30Dor-6563_E8,D,19,0.8318865280825499,2.0297183574718964,1.499999558368481,0.6498004243944264,9,11,r0_near_bound; s0_near_bound; large_r0_uncertainty; large_sig2_uncertainty; large_s0_uncertainty; large_m_uncertainty; r0_larger_than_fit_range; r0_much_larger_than_fit_range; large_s0_arcsec; large_noise_fraction; systematic_residuals
LVM-30Dor-6563_F19,D,19,0.8643375780369623,2.049568284988723,1.499999995853286,0.6037683560232564,8,11,r0_near_bound; s0_near_bound; large_r0_uncertainty; large_sig2_uncertainty; large_s0_uncertainty; large_m_uncertainty; r0_larger_than_fit_range; r0_much_larger_than_fit_range; large_s0_arcsec; large_noise_fraction; systematic_residuals
LVM-30Dor-6563_F4,D,19,0.9620363711444576,2.0046286283873767,1.499969869209932,0.5695511314651107,9,11,r0_near_bound; s0_near_bound; large_r0_uncertainty; large_sig2_uncertainty; large_s0_uncertainty; large_m_uncertainty; r0_larger_than_fit_range; r0_much_larger_than_fit_range; large_s0_arcsec; large_noise_fraction; systematic_residuals
LVM-30Dor-6563_G34,D,19,0.8575354730858293,2.2246433457284347,1.499983858432329,0.5839193515003548,5,11,r0_near_bound; s0_near_bound; large_r0_uncertainty; large_sig2_uncertainty; large_s0_uncertainty; large_m_uncertainty; r0_larger_than_fit_range; r0_much_larger_than_fit_range; large_s0_arcsec; large_noise_fraction; systematic_residuals
LVM-30Dor-6563_G6,D,19,0.5062883426661403,2.02629492997651,1.4999998785565405,1.0185921422470847,10,11,r0_near_bound; m_near_bound; s0_near_bound; large_sig2_uncertainty; large_s0_uncertainty; large_m_uncertainty; r0_larger_than_fit_range; r0_much_larger_than_fit_range; large_s0_arcsec; large_noise_fraction; systematic_residuals
LVM-30Dor-6563_F8,D,18,0.9338425824163116,2.00189174278903,1.499897440800749,0.2615826049740474,8,11,r0_near_bound; s0_near_bound; large_r0_uncertainty; large_sig2_uncertainty; large_s0_uncertainty; large_noise_uncertainty; large_m_uncertainty; r0_larger_than_fit_range; r0_much_larger_than_fit_range; large_s0_arcsec; systematic_residuals
LVM-30Dor-6563_F9,D,18,0.8532812693052886,2.029767884031018,0.1000000013722893,0.8209924997243001,8,11,r0_near_bound; sig2_near_bound; m_near_bound; s0_near_bound; large_sig2_uncertainty; large_s0_uncertainty; large_m_uncertainty; r0_larger_than_fit_range; r0_much_larger_than_fit_range; large_noise_fraction; systematic_residuals
LVM-30Dor-6563_H5,D,17,0.5708863289751175,1.9822989570896967,1.4998646166357588,0.6351314876548967,8,10,r0_near_bound; s0_near_bound; large_r0_uncertainty; large_sig2_uncertainty; large_s0_uncertainty; large_m_uncertainty; r0_larger_than_fit_range; large_s0_arcsec; large_noise_fraction; systematic_residuals
LVM-30Dor-6563_H6,D,17,0.5718323783648394,1.2550137268332984,1.499948256315616,0.5732856874384483,5,10,m_near_bound; s0_near_bound; large_r0_uncertainty; large_sig2_uncertainty; large_s0_uncertainty; large_m_uncertainty; r0_larger_than_fit_range; large_s0_arcsec; large_noise_fraction; systematic_residuals
LVM-30Dor-6563_C1,D,16,0.7779678487750085,2.0231799368065757,1.499999925484608,0.0282689325115548,10,10,r0_near_bound; s0_near_bound; noise_near_bound; large_r0_uncertainty; large_s0_uncertainty; large_noise_uncertainty; r0_larger_than_fit_range; r0_much_larger_than_fit_range; large_s0_arcsec; systematic_residuals
LVM-30Dor-6563_D11,D,16,0.9966184096606816,2.0391035065470504,1.4999966853514275,0.3059646929849464,10,10,r0_near_bound; s0_near_bound; large_r0_uncertainty; large_sig2_uncertainty; large_s0_uncertainty; large_noise_uncertainty; r0_larger_than_fit_range; r0_much_larger_than_fit_range; large_s0_arcsec; systematic_residuals
LVM-30Dor-6563_E21,D,16,0.9168598385385216,0.1792642599658556,1.4999999936228974,1.355170305674214e-11,8,10,m_near_bound; s0_near_bound; noise_near_bound; large_r0_uncertainty; large_sig2_uncertainty; large_s0_uncertainty; large_noise_uncertainty; large_m_uncertainty; large_s0_arcsec; systematic_residuals
LVM-30Dor-6563_G32,D,16,0.8048661989886432,0.2134476717967369,1.499999884331755,1.1638236758965787e-09,9,10,m_near_bound; s0_near_bound; noise_near_bound; large_r0_uncertainty; large_sig2_uncertainty; large_s0_uncertainty; large_noise_uncertainty; large_m_uncertainty; large_s0_arcsec; systematic_residuals
LVM-30Dor-6563_G36,D,16,0.9991632236214054,0.3702689748563507,1.4999998760647602,0.0376479013841582,8,10,m_near_bound; s0_near_bound; noise_near_bound; large_r0_uncertainty; large_sig2_uncertainty; large_s0_uncertainty; large_noise_uncertainty; large_m_uncertainty; large_s0_arcsec; systematic_residuals
LVM-30Dor-6563_G8,D,16,0.6632626086516263,0.4122324651487823,1.4999999966044186,3.1276155450175095e-05,6,10,m_near_bound; s0_near_bound; noise_near_bound; large_r0_uncertainty; large_sig2_uncertainty; large_s0_uncertainty; large_noise_uncertainty; large_m_uncertainty; large_s0_arcsec; systematic_residuals
LVM-30Dor-6563_H1,D,16,0.881035520337442,0.5000582226768565,1.4999962241411104,3.9236040801956696e-11,7,10,m_near_bound; s0_near_bound; noise_near_bound; large_r0_uncertainty; large_sig2_uncertainty; large_s0_uncertainty; large_noise_uncertainty; large_m_uncertainty; large_s0_arcsec; systematic_residuals
LVM-30Dor-6563_F3,D,15,0.948674141820276,1.2649030246987818,1.499996031437235,2.8252359325035104e-11,10,10,s0_near_bound; noise_near_bound; large_r0_uncertainty; large_sig2_uncertainty; large_s0_uncertainty; large_noise_uncertainty; large_m_uncertainty; r0_larger_than_fit_range; large_s0_arcsec; systematic_residuals
LVM-30Dor-6563_G30,D,15,0.8227042616127823,1.970351086630376,1.4998947831457154,2.0922543345518972e-11,8,10,r0_near_bound; s0_near_bound; noise_near_bound; large_r0_uncertainty; large_sig2_uncertainty; large_s0_uncertainty; large_noise_uncertainty; r0_larger_than_fit_range; large_s0_arcsec; systematic_residuals
LVM-30Dor-6563_D3,D,15,0.8762334332271674,1.9865541057967375,1.499932574843972,0.5492081433341368,8,9,r0_near_bound; s0_near_bound; large_r0_uncertainty; large_sig2_uncertainty; large_s0_uncertainty; r0_larger_than_fit_range; large_s0_arcsec; large_noise_fraction; systematic_residuals
LVM-30Dor-6563_F26,D,15,0.8463804591413835,2.014279863307298,1.4999999978084233,0.4216638297585693,6,9,r0_near_bound; s0_near_bound; large_r0_uncertainty; large_sig2_uncertainty; large_s0_uncertainty; r0_larger_than_fit_range; r0_much_larger_than_fit_range; large_s0_arcsec; systematic_residuals
LVM-30Dor-6563_G5,D,15,0.5724046342257625,0.0970994141361675,1.499999999397915,1.7482621441376822e-06,5,9,m_near_bound; s0_near_bound; noise_near_bound; large_r0_uncertainty; large_s0_uncertainty; large_noise_uncertainty; large_m_uncertainty; large_s0_arcsec; systematic_residuals
LVM-30Dor-6563_G7,D,15,0.5431352413109026,0.3570425645438277,1.499999998988636,0.9306844765837168,5,9,sig2_near_bound; s0_near_bound; large_r0_uncertainty; large_sig2_uncertainty; large_s0_uncertainty; large_m_uncertainty; large_s0_arcsec; large_noise_fraction; systematic_residuals
LVM-30Dor-6563_H11,D,15,0.8882428882015498,0.2023300731584419,1.4999994598278468,1.034864717666575,6,9,sig2_near_bound; s0_near_bound; large_r0_uncertainty; large_sig2_uncertainty; large_s0_uncertainty; large_m_uncertainty; large_s0_arcsec; large_noise_fraction; systematic_residuals
LVM-30Dor-6563_H4,D,15,0.7965059521095377,0.3472826006177376,1.499999653228693,1.18982657651914,6,9,sig2_near_bound; s0_near_bound; large_r0_uncertainty; large_sig2_uncertainty; large_s0_uncertainty; large_m_uncertainty; large_s0_arcsec; large_noise_fraction; systematic_residuals
LVM-30Dor-6563_H8,D,15,0.7853924091672452,0.12646494052682,1.4999999536024498,0.2177191725358883,6,9,m_near_bound; s0_near_bound; large_r0_uncertainty; large_sig2_uncertainty; large_s0_uncertainty; large_noise_uncertainty; large_m_uncertainty; large_s0_arcsec; systematic_residuals
LVM-30Dor-6563_E14,D,14,0.5031263341935887,1.8892759195646136,1.499999997387613,3.593730158322241e-07,9,10,r0_near_bound; sig2_near_bound; s0_near_bound; noise_near_bound; large_sig2_uncertainty; large_s0_uncertainty; large_noise_uncertainty; r0_larger_than_fit_range; large_s0_arcsec; systematic_residuals
LVM-30Dor-6563_B5,D,14,0.7652018195964969,0.2461991988040357,1.4999999952861611,2.5622961011569803e-08,8,9,s0_near_bound; noise_near_bound; large_r0_uncertainty; large_sig2_uncertainty; large_s0_uncertainty; large_noise_uncertainty; large_m_uncertainty; large_s0_arcsec; systematic_residuals
LVM-30Dor-6563_C6,D,14,0.9333755455309026,0.1293311499201783,1.499999999883134,2.555292851203219e-06,6,9,s0_near_bound; noise_near_bound; large_r0_uncertainty; large_sig2_uncertainty; large_s0_uncertainty; large_noise_uncertainty; large_m_uncertainty; large_s0_arcsec; systematic_residuals
LVM-30Dor-6563_D6,D,14,0.7851186016182875,0.3789975638526967,1.4999998947440574,1.1949635046738187e-09,9,9,s0_near_bound; noise_near_bound; large_r0_uncertainty; large_sig2_uncertainty; large_s0_uncertainty; large_noise_uncertainty; large_m_uncertainty; large_s0_arcsec; systematic_residuals
LVM-30Dor-6563_E10,D,14,0.864598509503985,0.2942268240915434,1.4999999999549207,3.1559214058506754e-11,7,9,m_near_bound; s0_near_bound; noise_near_bound; large_r0_uncertainty; large_sig2_uncertainty; large_s0_uncertainty; large_noise_uncertainty; large_s0_arcsec; systematic_residuals
LVM-30Dor-6563_E16,D,14,0.7954207664285022,0.1995778877800923,1.4999999992791515,1.4880785269388832e-10,9,9,s0_near_bound; noise_near_bound; large_r0_uncertainty; large_sig2_uncertainty; large_s0_uncertainty; large_noise_uncertainty; large_m_uncertainty; large_s0_arcsec; systematic_residuals
LVM-30Dor-6563_F12,D,14,0.8014963956964877,0.1635584680418314,1.4999985660133208,2.2695695558667124e-08,9,9,s0_near_bound; noise_near_bound; large_r0_uncertainty; large_sig2_uncertainty; large_s0_uncertainty; large_noise_uncertainty; large_m_uncertainty; large_s0_arcsec; systematic_residuals
LVM-30Dor-6563_F27,D,14,0.8027626376003947,0.2585248049785665,1.499999919058429,9.632297681741276e-08,5,9,s0_near_bound; noise_near_bound; large_r0_uncertainty; large_sig2_uncertainty; large_s0_uncertainty; large_noise_uncertainty; large_m_uncertainty; large_s0_arcsec; systematic_residuals
LVM-30Dor-6563_F5,D,14,0.770022144940301,0.2088060413465553,1.499999993996027,2.6516150187159853e-06,6,9,s0_near_bound; noise_near_bound; large_r0_uncertainty; large_sig2_uncertainty; large_s0_uncertainty; large_noise_uncertainty; large_m_uncertainty; large_s0_arcsec; systematic_residuals
LVM-30Dor-6563_G31,D,14,0.8842998954635778,0.2827917892358993,1.499999998024937,2.5525406051761957e-11,5,9,s0_near_bound; noise_near_bound; large_r0_uncertainty; large_sig2_uncertainty; large_s0_uncertainty; large_noise_uncertainty; large_m_uncertainty; large_s0_arcsec; systematic_residuals
LVM-30Dor-6563_G33,D,14,0.8501131915932666,0.2713623323703312,1.4999999973570022,2.5318376476388807e-11,9,9,s0_near_bound; noise_near_bound; large_r0_uncertainty; large_sig2_uncertainty; large_s0_uncertainty; large_noise_uncertainty; large_m_uncertainty; large_s0_arcsec; systematic_residuals
LVM-30Dor-6563_D14,D,13,0.7706992160241922,1.1260345456826424,1.4999699191173603,2.1277609039961544e-11,9,9,s0_near_bound; noise_near_bound; large_r0_uncertainty; large_sig2_uncertainty; large_s0_uncertainty; large_noise_uncertainty; r0_larger_than_fit_range; large_s0_arcsec; systematic_residuals
LVM-30Dor-6563_F17,D,13,0.9309475354258532,0.2138224017529858,1.4999999455269428,2.240742400719891e-11,10,9,sig2_near_bound; s0_near_bound; noise_near_bound; large_r0_uncertainty; large_sig2_uncertainty; large_s0_uncertainty; large_noise_uncertainty; large_s0_arcsec; systematic_residuals
LVM-30Dor-6563_F18,D,13,0.9447096885194184,1.5973352572588395,1.4999621038423565,3.942027496480358e-09,9,9,s0_near_bound; noise_near_bound; large_r0_uncertainty; large_sig2_uncertainty; large_s0_uncertainty; large_noise_uncertainty; r0_larger_than_fit_range; large_s0_arcsec; systematic_residuals
LVM-30Dor-6563_G37,D,13,0.940830322201288,1.7410130898157417,1.4999378281136069,6.90430034535395e-10,9,9,s0_near_bound; noise_near_bound; large_r0_uncertainty; large_sig2_uncertainty; large_s0_uncertainty; large_noise_uncertainty; r0_larger_than_fit_range; large_s0_arcsec; systematic_residuals
LVM-30Dor-6563_H17,D,13,0.9533949816218694,1.1153889145344822,1.4999993599497357,7.372417634227564e-09,6,9,s0_near_bound; noise_near_bound; large_r0_uncertainty; large_sig2_uncertainty; large_s0_uncertainty; large_noise_uncertainty; r0_larger_than_fit_range; large_s0_arcsec; systematic_residuals
LVM-30Dor-6563_E24,D,13,0.7740086760544497,0.1204209788724601,1.4999992970412852,0.2237979016644002,6,8,sig2_near_bound; m_near_bound; s0_near_bound; large_s0_uncertainty; large_noise_uncertainty; large_m_uncertainty; large_s0_arcsec; systematic_residuals
LVM-30Dor-6563_E7,D,13,0.8820653462309497,0.3635656789188044,0.1001189228561451,1.0693149731141114,7,8,sig2_near_bound; s0_near_bound; large_r0_uncertainty; large_sig2_uncertainty; large_s0_uncertainty; large_m_uncertainty; large_noise_fraction; systematic_residuals
LVM-30Dor-6563_F7,D,13,0.8317488588208489,0.1008858011052098,1.4999998628675304,6.259043794611623e-08,6,8,s0_near_bound; noise_near_bound; large_r0_uncertainty; large_s0_uncertainty; large_noise_uncertainty; large_m_uncertainty; large_s0_arcsec; systematic_residuals
LVM-30Dor-6563_G27,D,13,0.9224422186002506,0.189401102309493,1.499999999153247,1.7893286685671976e-06,5,8,s0_near_bound; noise_near_bound; large_r0_uncertainty; large_s0_uncertainty; large_noise_uncertainty; large_m_uncertainty; large_s0_arcsec; systematic_residuals
LVM-30Dor-6563_G29,D,13,0.7874348164049012,0.0467438010196835,1.4999999947792295,7.223826185049152e-06,6,8,s0_near_bound; noise_near_bound; large_r0_uncertainty; large_s0_uncertainty; large_noise_uncertainty; large_m_uncertainty; large_s0_arcsec; systematic_residuals
LVM-30Dor-6563_H9,D,13,0.5866929463970689,0.0507432594720869,0.1000001061840493,0.5382715757812327,4,8,sig2_near_bound; s0_near_bound; large_r0_uncertainty; large_sig2_uncertainty; large_s0_uncertainty; large_m_uncertainty; large_noise_fraction; systematic_residuals
LVM-30Dor-6563_B4,D,12,0.5319883334937885,0.9649779073940812,1.49999999997044,2.9177664514935e-11,8,8,s0_near_bound; noise_near_bound; large_r0_uncertainty; large_sig2_uncertainty; large_s0_uncertainty; large_noise_uncertainty; large_s0_arcsec; systematic_residuals
LVM-30Dor-6563_C10,D,12,0.8937757589924177,0.5564827584343034,1.499997266509986,2.6519037778027572e-11,10,8,s0_near_bound; noise_near_bound; large_r0_uncertainty; large_sig2_uncertainty; large_s0_uncertainty; large_noise_uncertainty; large_s0_arcsec; systematic_residuals
LVM-30Dor-6563_C3,D,12,0.809339155455657,0.4011874763896678,1.4999999969400433,2.8129497506456728e-11,7,8,s0_near_bound; noise_near_bound; large_r0_uncertainty; large_sig2_uncertainty; large_s0_uncertainty; large_noise_uncertainty; large_s0_arcsec; systematic_residuals
LVM-30Dor-6563_C5,D,12,0.7587474427248977,0.3245387244566565,1.499999999250109,3.0359951416899426e-11,5,8,s0_near_bound; noise_near_bound; large_r0_uncertainty; large_sig2_uncertainty; large_s0_uncertainty; large_noise_uncertainty; large_s0_arcsec; systematic_residuals
LVM-30Dor-6563_D1,D,12,0.9337883848904098,0.5695990847096978,1.499999998160257,2.464778447326853e-11,5,8,s0_near_bound; noise_near_bound; large_r0_uncertainty; large_sig2_uncertainty; large_s0_uncertainty; large_noise_uncertainty; large_s0_arcsec; systematic_residuals
LVM-30Dor-6563_D12,D,12,0.9050993510684474,0.3129744532869165,1.499999943722088,4.467639846634696e-09,10,8,s0_near_bound; noise_near_bound; large_r0_uncertainty; large_sig2_uncertainty; large_s0_uncertainty; large_noise_uncertainty; large_s0_arcsec; systematic_residuals
LVM-30Dor-6563_D2,D,12,0.8173712818616286,0.2013930226154477,0.1000001446468151,0.081854342150733,6,8,s0_near_bound; noise_near_bound; large_r0_uncertainty; large_sig2_uncertainty; large_s0_uncertainty; large_noise_uncertainty; large_m_uncertainty; systematic_residuals
LVM-30Dor-6563_D9,D,12,0.8830049557669983,0.5162554652747379,1.4999998241956332,2.5959893833678472e-09,7,8,s0_near_bound; noise_near_bound; large_r0_uncertainty; large_sig2_uncertainty; large_s0_uncertainty; large_noise_uncertainty; large_s0_arcsec; systematic_residuals
LVM-30Dor-6563_E1,D,12,0.901009870769842,0.3138370874236661,1.4999999987818022,2.7673287391313987e-11,10,8,s0_near_bound; noise_near_bound; large_r0_uncertainty; large_sig2_uncertainty; large_s0_uncertainty; large_noise_uncertainty; large_s0_arcsec; systematic_residuals
LVM-30Dor-6563_E18,D,12,0.9663149536002004,0.8318477996807951,1.4999994097971112,1.094322677623907e-09,7,8,s0_near_bound; noise_near_bound; large_r0_uncertainty; large_sig2_uncertainty; large_s0_uncertainty; large_noise_uncertainty; large_s0_arcsec; systematic_residuals
LVM-30Dor-6563_E20,D,12,0.8083530604354233,0.2296178364211842,1.4999999837426694,1.3176501756007616e-11,8,8,s0_near_bound; noise_near_bound; large_r0_uncertainty; large_sig2_uncertainty; large_s0_uncertainty; large_noise_uncertainty; large_s0_arcsec; systematic_residuals
LVM-30Dor-6563_E23,D,12,0.9473356344297734,0.2357369506654413,1.499999999877791,2.7641753900925695e-11,9,8,s0_near_bound; noise_near_bound; large_r0_uncertainty; large_sig2_uncertainty; large_s0_uncertainty; large_noise_uncertainty; large_s0_arcsec; systematic_residuals
LVM-30Dor-6563_E3,D,12,0.995133205764888,0.1691792450756941,0.100000004211486,6.659855486054836e-06,6,8,s0_near_bound; noise_near_bound; large_r0_uncertainty; large_sig2_uncertainty; large_s0_uncertainty; large_noise_uncertainty; large_m_uncertainty; systematic_residuals
LVM-30Dor-6563_E4,D,12,0.7729937720594254,0.0509372556663952,1.4999999949188232,2.077248632449996e-07,9,8,sig2_near_bound; s0_near_bound; noise_near_bound; large_s0_uncertainty; large_noise_uncertainty; large_m_uncertainty; large_s0_arcsec; systematic_residuals
LVM-30Dor-6563_F10,D,12,0.9249486670206468,0.5722066131809193,1.4999986106463796,1.0081209972933885e-08,9,8,s0_near_bound; noise_near_bound; large_r0_uncertainty; large_sig2_uncertainty; large_s0_uncertainty; large_noise_uncertainty; large_s0_arcsec; systematic_residuals
LVM-30Dor-6563_G10,D,12,0.9424688694995456,0.3778721403899746,1.4999999893060438,1.068643861583915e-09,9,8,s0_near_bound; noise_near_bound; large_r0_uncertainty; large_sig2_uncertainty; large_s0_uncertainty; large_noise_uncertainty; large_s0_arcsec; systematic_residuals
LVM-30Dor-6563_G25,D,12,0.838511994603232,0.401818523644984,1.499999967770776,3.332760392616645e-11,4,8,s0_near_bound; noise_near_bound; large_r0_uncertainty; large_sig2_uncertainty; large_s0_uncertainty; large_noise_uncertainty; large_s0_arcsec; systematic_residuals
LVM-30Dor-6563_G38,D,12,0.8561946255457821,0.1574641304902116,1.4999999633928116,2.144884572134908e-09,8,8,sig2_near_bound; s0_near_bound; noise_near_bound; large_s0_uncertainty; large_noise_uncertainty; large_m_uncertainty; large_s0_arcsec; systematic_residuals
LVM-30Dor-6563_H2,D,12,0.9755988819182074,0.8013675490888318,1.4999888285823002,2.711841341444528e-11,8,8,s0_near_bound; noise_near_bound; large_r0_uncertainty; large_sig2_uncertainty; large_s0_uncertainty; large_noise_uncertainty; large_s0_arcsec; systematic_residuals
LVM-30Dor-6563_F2,D,12,0.6519310950128752,0.5562912047042412,1.499999999908603,0.4634108266744374,4,7,s0_near_bound; large_r0_uncertainty; large_sig2_uncertainty; large_s0_uncertainty; large_m_uncertainty; large_s0_arcsec; systematic_residuals
LVM-30Dor-6563_G11,D,12,0.8682527962405556,0.3223713473780393,0.1000000742851114,0.874901921451393,5,7,s0_near_bound; large_r0_uncertainty; large_sig2_uncertainty; large_s0_uncertainty; large_m_uncertainty; large_noise_fraction; systematic_residuals
LVM-30Dor-6563_H10,D,12,0.5382692038796913,0.2814391023515521,0.10000003834501,0.9289267361362994,6,7,sig2_near_bound; m_near_bound; s0_near_bound; large_s0_uncertainty; large_m_uncertainty; large_noise_fraction; systematic_residuals
LVM-30Dor-6563_B6,D,11,0.932811075049572,0.0970347743807174,1.4999999991398545,0.1025388149769351,5,7,sig2_near_bound; s0_near_bound; large_s0_uncertainty; large_noise_uncertainty; large_m_uncertainty; large_s0_arcsec; systematic_residuals
LVM-30Dor-6563_C7,D,11,0.9604549198580664,0.1802513774919336,1.4999998588159122,5.32131403210646e-07,7,7,m_near_bound; s0_near_bound; noise_near_bound; large_s0_uncertainty; large_noise_uncertainty; large_s0_arcsec; systematic_residuals
LVM-30Dor-6563_C9,D,11,0.8556246692734455,0.1315319484255363,1.499999999840438,4.6449913841708225e-08,7,7,s0_near_bound; noise_near_bound; large_s0_uncertainty; large_noise_uncertainty; large_m_uncertainty; large_s0_arcsec; systematic_residuals
LVM-30Dor-6563_D10,D,11,0.8629731234270726,0.0952007355383702,0.1000000000532259,0.0330322648059471,6,7,m_near_bound; s0_near_bound; noise_near_bound; large_s0_uncertainty; large_noise_uncertainty; large_m_uncertainty; systematic_residuals
LVM-30Dor-6563_D13,D,11,0.997688589815901,0.1462698018815811,1.499999999856518,1.3097463081802948e-08,8,7,s0_near_bound; noise_near_bound; large_s0_uncertainty; large_noise_uncertainty; large_m_uncertainty; large_s0_arcsec; systematic_residuals
LVM-30Dor-6563_D15,D,11,0.8393253119129108,0.084956090356381,1.4999999338617558,8.169438805969555e-08,8,7,s0_near_bound; noise_near_bound; large_s0_uncertainty; large_noise_uncertainty; large_m_uncertainty; large_s0_arcsec; systematic_residuals
LVM-30Dor-6563_D18,D,11,0.8805983973194004,0.0807723593850596,1.4999999999981886,4.246241462657038e-07,9,7,s0_near_bound; noise_near_bound; large_s0_uncertainty; large_noise_uncertainty; large_m_uncertainty; large_s0_arcsec; systematic_residuals
LVM-30Dor-6563_E22,D,11,0.9720967279943988,0.1499084020161902,1.499999933632652,2.0473602389134315e-10,6,7,s0_near_bound; noise_near_bound; large_s0_uncertainty; large_noise_uncertainty; large_m_uncertainty; large_s0_arcsec; systematic_residuals
LVM-30Dor-6563_E25,D,11,0.6968204656019553,0.1331973485665053,1.4999999998242222,1.5186923708861392e-07,8,7,s0_near_bound; noise_near_bound; large_s0_uncertainty; large_noise_uncertainty; large_m_uncertainty; large_s0_arcsec; systematic_residuals
LVM-30Dor-6563_E26,D,11,0.95777611657118,0.2821825556560068,1.4999999611675858,7.70540335934509e-10,5,7,s0_near_bound; noise_near_bound; large_r0_uncertainty; large_s0_uncertainty; large_noise_uncertainty; large_s0_arcsec; systematic_residuals
LVM-30Dor-6563_E9,D,11,0.5529405696151127,0.1033731070806305,1.4999999009600302,2.7663417375036165e-10,5,7,s0_near_bound; noise_near_bound; large_s0_uncertainty; large_noise_uncertainty; large_m_uncertainty; large_s0_arcsec; systematic_residuals
LVM-30Dor-6563_F1,D,11,0.8785171833142891,0.2386465515626518,1.4999999986970352,2.0541754946379397e-07,6,7,s0_near_bound; noise_near_bound; large_r0_uncertainty; large_s0_uncertainty; large_noise_uncertainty; large_s0_arcsec; systematic_residuals
LVM-30Dor-6563_F11,D,11,0.5602507810498717,0.1395994858952079,1.4999999756502969,2.7074286441165408e-08,6,7,s0_near_bound; noise_near_bound; large_s0_uncertainty; large_noise_uncertainty; large_m_uncertainty; large_s0_arcsec; systematic_residuals
LVM-30Dor-6563_F21,D,11,0.8192571879864445,0.2235765856625277,1.499999996615825,6.057855844966012e-08,7,7,s0_near_bound; noise_near_bound; large_s0_uncertainty; large_noise_uncertainty; large_m_uncertainty; large_s0_arcsec; systematic_residuals
LVM-30Dor-6563_F23,D,11,0.9074019501745758,0.0913799941628938,1.4999999980263057,4.083467938394008e-07,5,7,s0_near_bound; noise_near_bound; large_s0_uncertainty; large_noise_uncertainty; large_m_uncertainty; large_s0_arcsec; systematic_residuals
LVM-30Dor-6563_F24,D,11,0.859852936643792,0.1113277523454895,1.4999999971213158,7.391721194444627e-12,8,7,s0_near_bound; noise_near_bound; large_s0_uncertainty; large_noise_uncertainty; large_m_uncertainty; large_s0_arcsec; systematic_residuals
LVM-30Dor-6563_F25,D,11,0.6160729352266083,0.1051292112740588,1.499999963637505,1.5333381072810646e-08,6,7,s0_near_bound; noise_near_bound; large_s0_uncertainty; large_noise_uncertainty; large_m_uncertainty; large_s0_arcsec; systematic_residuals
LVM-30Dor-6563_F29,D,11,0.6299430959877134,0.1186400808661817,0.100000201559798,4.434982198326757e-08,5,7,s0_near_bound; noise_near_bound; large_r0_uncertainty; large_s0_uncertainty; large_noise_uncertainty; large_m_uncertainty; systematic_residuals
LVM-30Dor-6563_F30,D,11,0.5510028435890507,1.100655129026953,1.499992529670081,0.4134069918926576,3,7,s0_near_bound; large_r0_uncertainty; large_sig2_uncertainty; large_s0_uncertainty; large_m_uncertainty; r0_larger_than_fit_range; large_s0_arcsec
LVM-30Dor-6563_G1,D,11,0.7985908022494553,0.1192581910624665,1.499999830760166,8.750897569229373e-08,9,7,s0_near_bound; noise_near_bound; large_s0_uncertainty; large_noise_uncertainty; large_m_uncertainty; large_s0_arcsec; systematic_residuals
LVM-30Dor-6563_G14,D,11,0.8357916165905134,0.1046212397939492,1.4999999983447805,0.0409048993618659,7,7,s0_near_bound; noise_near_bound; large_s0_uncertainty; large_noise_uncertainty; large_m_uncertainty; large_s0_arcsec; systematic_residuals
LVM-30Dor-6563_G23,D,11,0.976380171635592,0.1062076396143038,1.4999999999842428,0.092880853877943,9,7,s0_near_bound; noise_near_bound; large_s0_uncertainty; large_noise_uncertainty; large_m_uncertainty; large_s0_arcsec; systematic_residuals
LVM-30Dor-6563_G24,D,11,0.7789215786083772,0.1502196545039126,1.4999999978141738,4.40739021512124e-12,6,7,s0_near_bound; noise_near_bound; large_s0_uncertainty; large_noise_uncertainty; large_m_uncertainty; large_s0_arcsec; systematic_residuals
LVM-30Dor-6563_G26,D,11,0.9977340930423414,0.1104510991507417,1.4999997205147713,0.0834821102306106,8,7,s0_near_bound; noise_near_bound; large_s0_uncertainty; large_noise_uncertainty; large_m_uncertainty; large_s0_arcsec; systematic_residuals
LVM-30Dor-6563_H14,D,11,0.7608025997192334,0.1889500593886281,1.4999999975682257,3.2992630215801343e-10,5,7,s0_near_bound; noise_near_bound; large_s0_uncertainty; large_noise_uncertainty; large_m_uncertainty; large_s0_arcsec; systematic_residuals
LVM-30Dor-6563_H3,D,11,0.6131812570928642,0.1499853514157026,0.1000001271695463,0.5186691453722048,5,7,sig2_near_bound; s0_near_bound; large_sig2_uncertainty; large_s0_uncertainty; large_m_uncertainty; large_noise_fraction; systematic_residuals
LVM-30Dor-6563_H7,D,11,0.5560383234013294,0.2610327981921336,0.100000538462233,0.7432025940916344,5,7,sig2_near_bound; s0_near_bound; large_sig2_uncertainty; large_s0_uncertainty; large_m_uncertainty; large_noise_fraction; systematic_residuals
LVM-30Dor-6563_C11,D,11,0.9722980547586828,0.1064078711007865,1.4999999996260742,0.4079140195730167,6,6,m_near_bound; s0_near_bound; large_s0_uncertainty; large_m_uncertainty; large_s0_arcsec; systematic_residuals
LVM-30Dor-6563_E2,D,10,0.6922728314718923,0.3583731906319699,0.1000000193148184,0.1067070123941873,4,7,s0_near_bound; noise_near_bound; large_r0_uncertainty; large_sig2_uncertainty; large_s0_uncertainty; large_noise_uncertainty; systematic_residuals
LVM-30Dor-6563_E5,D,10,0.6511142841385071,0.4883194203560361,0.100000000289471,0.0705633117190957,6,7,s0_near_bound; noise_near_bound; large_r0_uncertainty; large_sig2_uncertainty; large_s0_uncertainty; large_noise_uncertainty; systematic_residuals
LVM-30Dor-6563_E19,D,10,0.9396398222228944,0.1428348446209063,0.1000002237198901,0.1892078221336274,7,6,sig2_near_bound; m_near_bound; s0_near_bound; large_s0_uncertainty; large_m_uncertainty; systematic_residuals
LVM-30Dor-6563_F6,D,10,0.839229826426781,0.2106857917705649,0.1000008427262272,0.9635591981268686,4,6,sig2_near_bound; s0_near_bound; large_s0_uncertainty; large_m_uncertainty; large_noise_fraction; systematic_residuals
LVM-30Dor-6563_G20,D,10,0.8437109964437998,0.5575475286531689,0.9385258963460535,0.7167218318308815,9,6,large_r0_uncertainty; large_sig2_uncertainty; large_s0_uncertainty; large_m_uncertainty; large_noise_fraction; systematic_residuals
LVM-30Dor-6563_G28,D,10,0.9330639134738402,0.1428573561471136,0.1000000046421519,0.139642870257775,6,6,m_near_bound; s0_near_bound; large_s0_uncertainty; large_noise_uncertainty; large_m_uncertainty; systematic_residuals
LVM-30Dor-6563_H18,D,10,0.9793629731176624,0.1051424879341252,1.499998655725973,0.0888270043239824,7,6,s0_near_bound; large_s0_uncertainty; large_noise_uncertainty; large_m_uncertainty; large_s0_arcsec; systematic_residuals
LVM-30Dor-6563_B2,D,9,0.6783536043374557,0.1616717336594339,1.499999877007694,0.0770341820493396,4,6,s0_near_bound; noise_near_bound; large_s0_uncertainty; large_noise_uncertainty; large_s0_arcsec; systematic_residuals
LVM-30Dor-6563_B7,D,9,0.5488054705335829,0.1268346934844384,1.4999999991765622,1.1603689669164808e-11,6,6,s0_near_bound; noise_near_bound; large_s0_uncertainty; large_noise_uncertainty; large_s0_arcsec; systematic_residuals
LVM-30Dor-6563_C13,D,9,0.9738825441968504,0.240043151374773,1.4999999992182975,1.8731310133285093e-06,9,6,s0_near_bound; noise_near_bound; large_s0_uncertainty; large_noise_uncertainty; large_s0_arcsec; systematic_residuals
LVM-30Dor-6563_C4,D,9,0.7103363016493555,0.2577090228133573,1.4999999886661708,2.4521409391897566e-09,6,6,s0_near_bound; noise_near_bound; large_s0_uncertainty; large_noise_uncertainty; large_s0_arcsec; systematic_residuals
LVM-30Dor-6563_D16,D,9,0.9909748923090478,0.183549147430508,1.49999999963291,2.0495242721443627e-11,5,6,s0_near_bound; noise_near_bound; large_s0_uncertainty; large_noise_uncertainty; large_s0_arcsec; systematic_residuals
LVM-30Dor-6563_D17,D,9,0.9147657398935356,0.1826435246716624,1.4999999999558844,2.4431330248812886e-11,10,6,s0_near_bound; noise_near_bound; large_s0_uncertainty; large_noise_uncertainty; large_s0_arcsec; systematic_residuals
LVM-30Dor-6563_D19,D,9,0.5088647776248535,0.1665731513285734,1.499999995378669,0.0333599700606215,4,6,s0_near_bound; noise_near_bound; large_s0_uncertainty; large_noise_uncertainty; large_s0_arcsec; systematic_residuals
LVM-30Dor-6563_D5,D,9,0.8926362888861952,0.4445422661777106,1.49999999985322,7.014722976311848e-10,6,6,s0_near_bound; noise_near_bound; large_s0_uncertainty; large_noise_uncertainty; large_s0_arcsec; systematic_residuals
LVM-30Dor-6563_D7,D,9,0.7609215449121963,0.1774105060260611,1.4999999193968652,7.33266454650379e-10,10,6,s0_near_bound; noise_near_bound; large_s0_uncertainty; large_noise_uncertainty; large_s0_arcsec; systematic_residuals
LVM-30Dor-6563_F20,D,9,0.9278122272319648,0.1423704878084245,1.4999996403361304,1.9933172554016816e-09,6,6,s0_near_bound; noise_near_bound; large_s0_uncertainty; large_noise_uncertainty; large_s0_arcsec; systematic_residuals
LVM-30Dor-6563_F22,D,9,0.8467824199199209,0.2391484313435292,1.4999988532750927,1.6578840415989154e-10,7,6,s0_near_bound; noise_near_bound; large_s0_uncertainty; large_noise_uncertainty; large_s0_arcsec; systematic_residuals
LVM-30Dor-6563_H16,D,9,0.584844335057089,0.1468031824516568,1.4999999998802138,1.7566625499667552e-08,7,6,s0_near_bound; noise_near_bound; large_s0_uncertainty; large_noise_uncertainty; large_s0_arcsec; systematic_residuals
LVM-30Dor-6563_A,D,9,0.9033455507115756,0.1613633649035818,0.1000001315959539,0.2884545406187221,8,5,m_near_bound; s0_near_bound; large_s0_uncertainty; large_m_uncertainty; systematic_residuals
LVM-30Dor-6563_F31,D,9,0.8108555995293288,0.2754564548186619,1.4999997265504956,0.3012951748225179,7,5,s0_near_bound; large_r0_uncertainty; large_s0_uncertainty; large_s0_arcsec; systematic_residuals
LVM-30Dor-6563_G15,D,9,0.910137811159882,0.1237466287937991,0.1000000061903222,0.2303002913984871,7,5,m_near_bound; s0_near_bound; large_s0_uncertainty; large_m_uncertainty; systematic_residuals
LVM-30Dor-6563_H12,D,9,0.8390331946844265,0.156602918265554,0.1000000001667397,0.5449225962953052,7,5,s0_near_bound; large_s0_uncertainty; large_m_uncertainty; large_noise_fraction; systematic_residuals
LVM-30Dor-6563_B3,D,8,0.748781203950568,0.1800719874316882,1.49999999791349,0.1307236923313033,5,5,s0_near_bound; large_s0_uncertainty; large_noise_uncertainty; large_s0_arcsec; systematic_residuals
LVM-30Dor-6563_C8,D,8,0.931987456810496,0.208444091870097,1.4999999689933987,0.083259375956834,8,5,s0_near_bound; large_s0_uncertainty; large_noise_uncertainty; large_s0_arcsec; systematic_residuals
LVM-30Dor-6563_E17,D,8,0.964889257931392,0.1697549005733108,0.1000000002769671,0.128155136179599,7,5,s0_near_bound; large_s0_uncertainty; large_noise_uncertainty; large_m_uncertainty; systematic_residuals
LVM-30Dor-6563_F28,D,8,0.7584121140800236,0.1640998138195803,0.100000016036328,0.1511578222760267,4,5,s0_near_bound; large_s0_uncertainty; large_noise_uncertainty; large_m_uncertainty; systematic_residuals
LVM-30Dor-6563_F32,D,8,0.9571173158720088,0.2709605497734031,1.4999999955265904,0.1536038494518894,5,5,s0_near_bound; large_s0_uncertainty; large_noise_uncertainty; large_s0_arcsec; systematic_residuals
LVM-30Dor-6563_H13,D,8,0.5446891702842355,0.7136895005150262,0.1000007858837201,0.3358077349402883,8,5,s0_near_bound; large_r0_uncertainty; large_sig2_uncertainty; large_s0_uncertainty; systematic_residuals
LVM-30Dor-6563_D8,D,7,0.8022098332853583,0.212437599242516,0.1000000479768185,0.0129972996087551,5,5,s0_near_bound; noise_near_bound; large_s0_uncertainty; large_noise_uncertainty; systematic_residuals
LVM-30Dor-6563_E15,D,7,0.9754741344893728,0.1474198876835716,0.1000000083546861,0.1430978972971205,6,4,m_near_bound; s0_near_bound; large_s0_uncertainty; systematic_residuals
LVM-30Dor-6563_E6,D,7,0.787046787759766,0.1443505244421064,0.1000024414423331,0.4063753012795237,5,4,s0_near_bound; large_s0_uncertainty; large_m_uncertainty; systematic_residuals
LVM-30Dor-6563_G2,D,7,0.5394785408244082,0.1563585226941388,0.1000011748054122,0.5750917239348922,6,4,s0_near_bound; large_s0_uncertainty; large_noise_fraction; systematic_residuals
LVM-30Dor-6563_G3,D,7,0.9926345132451164,0.1077327354919725,0.1000000014307866,0.4447246519930622,7,4,s0_near_bound; large_s0_uncertainty; large_m_uncertainty; systematic_residuals
LVM-30Dor-6563_G9,D,7,0.627815434794543,0.1663488620514674,0.1000000746530972,0.2907282920658961,8,4,s0_near_bound; large_s0_uncertainty; large_m_uncertainty; systematic_residuals
LVM-30Dor-6563_G35,C,6,0.6475074796845404,1.9002925722855095,0.1000000105303042,0.4509429134894692,3,5,sig2_near_bound; s0_near_bound; large_sig2_uncertainty; large_s0_uncertainty; r0_larger_than_fit_range
LVM-30Dor-6563_B1,C,6,0.7878933311564147,0.0986462336171746,0.1000000639212223,0.1273463031303122,4,4,s0_near_bound; large_s0_uncertainty; large_noise_uncertainty; systematic_residuals
LVM-30Dor-6563_C2,C,6,0.5244913021380577,0.1874765581877689,0.1000033629236838,0.1825790963551415,8,4,s0_near_bound; large_s0_uncertainty; large_noise_uncertainty; systematic_residuals
LVM-30Dor-6563_G13,C,6,0.8622971609223479,0.1760139567634697,0.1000000045647949,0.3132813535686198,5,4,s0_near_bound; large_s0_uncertainty; large_noise_uncertainty; systematic_residuals
LVM-30Dor-6563_G21,C,6,0.9987602077548988,0.9198125385588108,0.882683601546683,0.1937784523529206,7,4,large_r0_uncertainty; large_sig2_uncertainty; large_s0_uncertainty; systematic_residuals
LVM-30Dor-6563_G22,C,6,0.5316980514015178,0.1644852140981048,0.1000000196790838,0.1559724935938949,5,4,s0_near_bound; large_s0_uncertainty; large_noise_uncertainty; systematic_residuals
LVM-30Dor-6563_H15,C,6,0.8878299046953434,0.2087620491154999,1.0680184134802488,0.3121609636345683,7,4,large_s0_uncertainty; large_noise_uncertainty; large_m_uncertainty; systematic_residuals
LVM-30Dor-6563_D4,C,5,0.653719128718504,0.1927600691924829,0.4867658433618453,9.153613743263736e-08,4,4,noise_near_bound; large_s0_uncertainty; large_noise_uncertainty; systematic_residuals
LVM-30Dor-6563_G12,C,5,0.5252901309444828,0.4137089951420624,0.6110796970397897,0.0790720131924551,5,4,noise_near_bound; large_s0_uncertainty; large_noise_uncertainty; systematic_residuals
LVM-30Dor-6563_C12,C,5,0.6320887837201017,0.1776115258550205,0.1000000355736058,0.258155927563167,7,3,s0_near_bound; large_s0_uncertainty; systematic_residuals
LVM-30Dor-6563_G4,C,5,0.5400046217584917,0.1000348426238079,0.70172377028277,0.2950659373901933,5,3,large_s0_uncertainty; large_m_uncertainty; systematic_residuals
