group,bin,line,fit_limit,fit_limits_used,parameter,value,err_lower,err_upper,lower_limit,upper_limit,n_samples
MUSE,0,N,,"(0.5, 0.6, 0.7)",sig2,8.884250688604657,0.8128315616116364,0.6673531010415026,8.071419126993021,9.55160378964616,3
MUSE,0,N,,"(0.5, 0.6, 0.7)",r0,0.057953640157444856,0.008802408204840628,0.008064623526996072,0.04915123195260423,0.06601826368444093,3
MUSE,0,N,,"(0.5, 0.6, 0.7)",m,0.9065759858047766,0.04994611217216305,0.09183894974450402,0.8566298736326136,0.9984149355492806,3
MUSE,0,N,,"(0.5, 0.6, 0.7)",noise,3.982387704347101,0.08642246518613872,0.2650845535501998,3.8959652391609625,4.247472257897301,3
MUSE,0,N,,"(0.5, 0.6, 0.7)",s0,0.23500000156190953,1.5493143126059836e-09,0.7113342871675589,0.23500000001259522,0.9463342887294683,3
MUSE,0,S2,,"(0.5, 0.6, 0.7)",sig2,9.289287040646226,1.0123585274366231,0.7590636784130336,8.276928513209603,10.04835071905926,3
MUSE,0,S2,,"(0.5, 0.6, 0.7)",r0,0.06639306734771545,0.010810274271474414,0.008190421581734761,0.05558279307624104,0.07458348892945021,3
MUSE,0,S2,,"(0.5, 0.6, 0.7)",m,1.13500736119817,0.06242630163151275,0.1256510536526494,1.0725810595666572,1.2606584148508193,3
MUSE,0,S2,,"(0.5, 0.6, 0.7)",noise,3.2202050442204357,0.06334905636862453,0.20673403378124755,3.156855987851811,3.4269390780016833,3
MUSE,0,S2,,"(0.5, 0.6, 0.7)",s0,0.23500000021599385,2.0677934442914688e-10,1.4610502428114147,0.2350000000092145,1.6960502430274085,3
MUSE,0,Ar,,"(0.5, 0.6, 0.7)",sig2,8.19996633271816,0.7086510886687227,0.8558213036593241,7.491315244049438,9.055787636377485,3
MUSE,0,Ar,,"(0.5, 0.6, 0.7)",r0,0.06768895549851395,0.0091833862766897,0.009899884928139494,0.05850556922182425,0.07758884042665344,3
MUSE,0,Ar,,"(0.5, 0.6, 0.7)",m,1.137270354602342,0.1055521438988809,0.13859690683160197,1.031718210703461,1.275867261433944,3
MUSE,0,Ar,,"(0.5, 0.6, 0.7)",noise,10.834599513334366,0.1136617512415814,0.29120531981134157,10.720937762092785,11.125804833145708,3
MUSE,0,Ar,,"(0.5, 0.6, 0.7)",s0,0.23500000492411605,3.2521871936954445e-09,2.7171039749668915,0.23500000167192886,2.9521039798910076,3
MUSE,0,H,,"(0.5, 0.6, 0.7)",sig2,8.3452290566316,1.0896226863529783,0.938161108808977,7.255606370278622,9.283390165440577,3
MUSE,0,H,,"(0.5, 0.6, 0.7)",r0,0.06642391423361409,0.012532903711725267,0.011056693761073502,0.05389101052188882,0.07748060799468759,3
MUSE,0,H,,"(0.5, 0.6, 0.7)",m,1.1698793498490103,0.08324635732122676,0.15169357821620966,1.0866329925277836,1.32157292806522,3
MUSE,0,H,,"(0.5, 0.6, 0.7)",noise,2.641292683962179,0.07071197179458011,0.20047022808712844,2.5705807121675988,2.8417629120493073,3
MUSE,0,H,,"(0.5, 0.6, 0.7)",s0,0.2350000086042512,8.434093761241866e-09,1.7981368568893548,0.23500000017015743,2.033136865493606,3
MUSE,0,O,,"(0.5, 0.6, 0.7)",sig2,7.411871216253381,1.180909076337124,1.0489492118686972,6.230962139916257,8.460820428122078,3
MUSE,0,O,,"(0.5, 0.6, 0.7)",r0,0.06316946648208419,0.014868883834377497,0.012751863356663048,0.04830058264770669,0.07592132983874723,3
MUSE,0,O,,"(0.5, 0.6, 0.7)",m,1.1919664105747254,0.12284636535456728,0.26923307110763495,1.0691200452201581,1.4611994816823604,3
MUSE,0,O,,"(0.5, 0.6, 0.7)",noise,5.392609377418579,0.1273725505075065,0.3527030299274383,5.265236826911073,5.745312407346018,3
MUSE,0,O,,"(0.5, 0.6, 0.7)",s0,0.2350000435904116,4.339188144351391e-08,3.0070544474869063,0.23500000019853015,3.242054491077318,3
MUSE,1,N,,"(0.5, 0.6, 0.7)",sig2,8.863489502435739,0.7694011354576507,0.5737332224804899,8.094088366978088,9.437222724916229,3
MUSE,1,N,,"(0.5, 0.6, 0.7)",r0,0.05646537969461476,0.008135994270138454,0.006534369497559624,0.048329385424476304,0.06299974919217438,3
MUSE,1,N,,"(0.5, 0.6, 0.7)",m,0.9241612397536082,0.043456799129095836,0.07821110795350406,0.8807044406245124,1.0023723477071123,3
MUSE,1,N,,"(0.5, 0.6, 0.7)",noise,1.6261912303315162,0.1171716302703385,0.24308934316581654,1.5090196000611777,1.8692805734973328,3
MUSE,1,N,,"(0.5, 0.6, 0.7)",s0,0.4349649214078455,0.18512258498750858,0.7529230261612628,0.2498423364203369,1.1878879475691084,3
MUSE,1,S2,,"(0.5, 0.6, 0.7)",sig2,9.418386993151115,1.1210250532396255,0.7142641520951134,8.29736193991149,10.132651145246228,3
MUSE,1,S2,,"(0.5, 0.6, 0.7)",r0,0.06527274612271952,0.011332318833821207,0.0072715604538019785,0.053940427288898314,0.0725443065765215,3
MUSE,1,S2,,"(0.5, 0.6, 0.7)",m,1.1344321176242753,0.051020335892409285,0.12338402786663738,1.083411781731866,1.2578161454909127,3
MUSE,1,S2,,"(0.5, 0.6, 0.7)",noise,1.38903735067311,0.055659966885254875,0.22880435326902937,1.333377383787855,1.6178417039421393,3
MUSE,1,S2,,"(0.5, 0.6, 0.7)",s0,0.3016956855136768,0.05856759346207017,1.5971027359626508,0.24312809205160665,1.8987984214763276,3
MUSE,1,Ar,,"(0.5, 0.6, 0.7)",sig2,8.512689460755372,1.0384124070424665,0.7838219361685113,7.474277053712905,9.296511396923883,3
MUSE,1,Ar,,"(0.5, 0.6, 0.7)",r0,0.06183594591577244,0.011431224651579225,0.008028006586050913,0.050404721264193215,0.06986395250182335,3
MUSE,1,Ar,,"(0.5, 0.6, 0.7)",m,1.1491816949274432,0.08237365205543146,0.18365648348089025,1.0668080428720117,1.3328381784083334,3
MUSE,1,Ar,,"(0.5, 0.6, 0.7)",noise,4.168072580181332,0.09964818827690713,0.39428386223113954,4.068424391904425,4.562356442412471,3
MUSE,1,Ar,,"(0.5, 0.6, 0.7)",s0,0.2648323605579161,0.029832348405421667,2.9340883210572337,0.23500001215249441,3.19892068161515,3
MUSE,1,H,,"(0.5, 0.6, 0.7)",sig2,8.352843356037512,1.1016902416520367,0.7976499752695716,7.251153114385476,9.150493331307084,3
MUSE,1,H,,"(0.5, 0.6, 0.7)",r0,0.06607482664134517,0.012238340972635896,0.008897559508585631,0.05383648566870928,0.0749723861499308,3
MUSE,1,H,,"(0.5, 0.6, 0.7)",m,1.1836634020936831,0.06421265937108722,0.14031116941682553,1.119450742722596,1.3239745715105087,3
MUSE,1,H,,"(0.5, 0.6, 0.7)",noise,1.2469839722053428,0.05396202037481301,0.20231579265685928,1.1930219518305298,1.4492997648622021,3
MUSE,1,H,,"(0.5, 0.6, 0.7)",s0,0.29066374838803805,0.046287265373190015,1.8458109261298978,0.24437648301484804,2.136474674517936,3
MUSE,1,O,,"(0.5, 0.6, 0.7)",sig2,7.538439251693423,1.3367809889676474,1.0624010907257224,6.2016582627257755,8.600840342419145,3
MUSE,1,O,,"(0.5, 0.6, 0.7)",r0,0.06230848949457076,0.015490119121952153,0.012236654095146939,0.04681837037261861,0.0745451435897177,3
MUSE,1,O,,"(0.5, 0.6, 0.7)",m,1.1905050119042502,0.10579824118738435,0.2430166025228513,1.0847067707168658,1.4335216144271015,3
MUSE,1,O,,"(0.5, 0.6, 0.7)",noise,2.250797271786356,0.10323299043109646,0.33349425223862506,2.1475642813552596,2.584291524024981,3
MUSE,1,O,,"(0.5, 0.6, 0.7)",s0,0.2945837721510543,0.058794964012758244,2.893558006347935,0.23578880813829606,3.1881417784989896,3
MUSE,2,N,,"(0.5, 0.6, 0.7)",sig2,8.85450743577954,0.783554782071052,0.567263494402642,8.070952653708488,9.421770930182182,3
MUSE,2,N,,"(0.5, 0.6, 0.7)",r0,0.0557020173946596,0.008132288901007693,0.006227256057412818,0.04756972849365191,0.06192927345207242,3
MUSE,2,N,,"(0.5, 0.6, 0.7)",m,0.9296097250870856,0.046250275329742574,0.08264262314458759,0.883359449757343,1.0122523482316732,3
MUSE,2,N,,"(0.5, 0.6, 0.7)",noise,0.7276889938968648,0.18682374432470739,0.30781647478250684,0.5408652495721574,1.0355054686793717,3
MUSE,2,N,,"(0.5, 0.6, 0.7)",s0,0.6428170278733003,0.3769387750894009,1.0838185715889528,0.2658782527838994,1.726635599462253,3
MUSE,2,S2,,"(0.5, 0.6, 0.7)",sig2,9.525999890943607,1.195054057257357,0.7283107442358752,8.33094583368625,10.254310635179483,3
MUSE,2,S2,,"(0.5, 0.6, 0.7)",r0,0.06447737841915684,0.011741761734043246,0.007160331413930687,0.05273561668511359,0.07163770983308752,3
MUSE,2,S2,,"(0.5, 0.6, 0.7)",m,1.1274486929388212,0.05104982508319145,0.12786546224093653,1.0763988678556298,1.2553141551797578,3
MUSE,2,S2,,"(0.5, 0.6, 0.7)",noise,0.6648535968707585,0.08416397437939127,0.27605370952517694,0.5806896224913672,0.9409073063959354,3
MUSE,2,S2,,"(0.5, 0.6, 0.7)",s0,0.4930540426754168,0.23700352963484575,1.9518751451685563,0.256050513040571,2.444929187843973,3
MUSE,2,Ar,,"(0.5, 0.6, 0.7)",sig2,8.793073343820208,1.3155675769203388,0.859578855016478,7.477505766899869,9.652652198836686,3
MUSE,2,Ar,,"(0.5, 0.6, 0.7)",r0,0.059309940316627535,0.013042322295932385,0.008329751946631297,0.04626761802069515,0.06763969226325883,3
MUSE,2,Ar,,"(0.5, 0.6, 0.7)",m,1.1092528266613313,0.07751848043575649,0.20311097230063857,1.0317343462255748,1.3123637989619699,3
MUSE,2,Ar,,"(0.5, 0.6, 0.7)",noise,1.6264209134724705,0.14500799051098734,0.47991123542503145,1.4814129229614832,2.106332148897502,3
MUSE,2,Ar,,"(0.5, 0.6, 0.7)",s0,0.5142146533392385,0.25422491892515664,2.7205880856785987,0.2599897344140819,3.2348027390178373,3
MUSE,2,H,,"(0.5, 0.6, 0.7)",sig2,8.34671494062136,1.1275786803701084,0.7693777188022981,7.219136260251252,9.116092659423659,3
MUSE,2,H,,"(0.5, 0.6, 0.7)",r0,0.06592878314758922,0.012318253993664027,0.008382157182655864,0.053610529153925196,0.07431094033024509,3
MUSE,2,H,,"(0.5, 0.6, 0.7)",m,1.1923862023521117,0.06080692009537536,0.14139822571424965,1.1315792822567363,1.3337844280663613,3
MUSE,2,H,,"(0.5, 0.6, 0.7)",noise,0.5733753953011691,0.06516191104973601,0.22673112302348952,0.5082134842514331,0.8001065183246586,3
MUSE,2,H,,"(0.5, 0.6, 0.7)",s0,0.4286795933134274,0.17680803181719498,2.1695992841637004,0.25187156149623247,2.598278877477128,3
MUSE,2,O,,"(0.5, 0.6, 0.7)",sig2,7.604264742197496,1.4949476460978062,1.1683861826932374,6.10931709609969,8.772650924890733,3
MUSE,2,O,,"(0.5, 0.6, 0.7)",r0,0.06221596952616251,0.016870597989909163,0.013361080449568657,0.04534537153625335,0.07557704997573117,3
MUSE,2,O,,"(0.5, 0.6, 0.7)",m,1.1736885323377757,0.10315503208781496,0.24855282974564563,1.0705335002499607,1.4222413620834213,3
MUSE,2,O,,"(0.5, 0.6, 0.7)",noise,0.8944563547667084,0.13488700099807738,0.36813023151945523,0.759569353768631,1.2625865862861636,3
MUSE,2,O,,"(0.5, 0.6, 0.7)",s0,0.44101207802392883,0.18535293654321397,2.8120485564743,0.2556591414807149,3.2530606344982287,3
MUSE,3,N,,"(0.5, 0.6, 0.7)",sig2,8.920723988620622,0.4224790457023708,0.4720088368638038,8.498244942918252,9.392732825484426,3
MUSE,3,N,,"(0.5, 0.6, 0.7)",r0,0.05643169619503089,0.004541411272331902,0.004670595624814242,0.05189028492269899,0.06110229181984513,3
MUSE,3,N,,"(0.5, 0.6, 0.7)",m,0.9479639058822739,0.05200772277374821,0.050102888544535706,0.8959561831085257,0.9980667944268096,3
MUSE,3,N,,"(0.5, 0.6, 0.7)",noise,0.3707165058907022,0.3447949944343977,0.2982045013553752,0.025921511456304502,0.6689210072460774,3
MUSE,3,N,,"(0.5, 0.6, 0.7)",s0,1.4092196113161108,1.1050919513413402,1.6518277346585402,0.30412765997477065,3.061047345974651,3
MUSE,3,S2,,"(0.5, 0.6, 0.7)",sig2,9.82571919011612,0.6704440209897999,0.573459515400403,9.15527516912632,10.399178705516523,3
MUSE,3,S2,,"(0.5, 0.6, 0.7)",r0,0.06458660434600613,0.006525724392364464,0.005004846056110401,0.05806087995364167,0.06959145040211653,3
MUSE,3,S2,,"(0.5, 0.6, 0.7)",m,1.1277427910251097,0.051497441378312026,0.07921015261412223,1.0762453496467976,1.206952943639232,3
MUSE,3,S2,,"(0.5, 0.6, 0.7)",noise,0.37409795819348624,0.15190770020291472,0.3022861471292697,0.22219025799057152,0.676384105322756,3
MUSE,3,S2,,"(0.5, 0.6, 0.7)",s0,0.9093728210673958,0.6260787410106885,2.2004688506763497,0.2832940800567073,3.1098416717437454,3
MUSE,3,Ar,,"(0.5, 0.6, 0.7)",sig2,9.332628019267325,0.944866207416478,0.7764762347057221,8.387761811850847,10.109104253973047,3
MUSE,3,Ar,,"(0.5, 0.6, 0.7)",r0,0.057812450848990754,0.00861319259385284,0.006869136760212738,0.04919925825513791,0.06468158760920349,3
MUSE,3,Ar,,"(0.5, 0.6, 0.7)",m,1.0545157486157926,0.07601863564810996,0.14086831076431094,0.9784971129676826,1.1953840593801035,3
MUSE,3,Ar,,"(0.5, 0.6, 0.7)",noise,1.0738063632282924,0.2826912314980624,0.5314420039871368,0.79111513173023,1.6052483672154292,3
MUSE,3,Ar,,"(0.5, 0.6, 0.7)",s0,0.9414113526576869,0.6517624790479366,2.3706529231351516,0.28964887360975033,3.3120642757928387,3
MUSE,3,H,,"(0.5, 0.6, 0.7)",sig2,8.41238348099604,0.6610702339757495,0.5099825750095395,7.75131324702029,8.922366056005579,3
MUSE,3,H,,"(0.5, 0.6, 0.7)",r0,0.06678789264521469,0.007468353173704895,0.005110161771094579,0.059319539471509794,0.07189805441630927,3
MUSE,3,H,,"(0.5, 0.6, 0.7)",m,1.222561963838447,0.05156988430414566,0.09752442332517886,1.1709920795343014,1.320086387163626,3
MUSE,3,H,,"(0.5, 0.6, 0.7)",noise,0.3466658532216373,0.08363522371718818,0.24299370999836084,0.2630306295044491,0.5896595632199981,3
MUSE,3,H,,"(0.5, 0.6, 0.7)",s0,0.7123273970883542,0.43905430243366517,2.5129654012934326,0.2732730946546891,3.225292798381787,3
MUSE,3,O,,"(0.5, 0.6, 0.7)",sig2,7.6675806988086554,0.8999847781956349,0.8804875028183625,6.7675959206130205,8.548068201627018,3
MUSE,3,O,,"(0.5, 0.6, 0.7)",r0,0.06365051680311058,0.010457663271209179,0.00943385293832677,0.0531928535319014,0.07308436974143735,3
MUSE,3,O,,"(0.5, 0.6, 0.7)",m,1.219422795873488,0.09986673506186694,0.1681214215184137,1.119556060811621,1.3875442173919017,3
MUSE,3,O,,"(0.5, 0.6, 0.7)",noise,0.5583506789083476,0.1383103588965472,0.3362819379782225,0.42004032001180036,0.89463261688657,3
MUSE,3,O,,"(0.5, 0.6, 0.7)",s0,0.6771980068881603,0.3957901940629128,2.6702738706016707,0.2814078128252475,3.347471877489831,3
MUSE,4,N,,"(0.5, 0.6, 0.7)",sig2,8.909100814461413,0.534990003223859,0.3757675398312337,8.374110811237554,9.284868354292646,3
MUSE,4,N,,"(0.5, 0.6, 0.7)",r0,0.05613893933991624,0.003946521563985547,0.003362099587916452,0.05219241777593069,0.05950103892783269,3
MUSE,4,N,,"(0.5, 0.6, 0.7)",m,0.9761087607014597,0.053184833744754356,0.0877843248660265,0.9229239269567053,1.0638930855674862,3
MUSE,4,N,,"(0.5, 0.6, 0.7)",noise,0.4219246938606603,0.405681430127001,0.1826176987437867,0.016243263733659308,0.604542392604447,3
MUSE,4,N,,"(0.5, 0.6, 0.7)",s0,3.283318920482228,2.537884953852939,0.24168107950985063,0.7454339666292893,3.5249999999920787,3
MUSE,4,S2,,"(0.5, 0.6, 0.7)",sig2,9.80109532878255,0.7447099270646707,0.5687353664328327,9.056385401717879,10.369830695215382,3
MUSE,4,S2,,"(0.5, 0.6, 0.7)",r0,0.06394143836788962,0.00590153067338544,0.004341955193534766,0.058039907694504185,0.06828339356142439,3
MUSE,4,S2,,"(0.5, 0.6, 0.7)",m,1.1585295752864406,0.06530537961473071,0.1343207623164251,1.09322419567171,1.2928503376028657,3
MUSE,4,S2,,"(0.5, 0.6, 0.7)",noise,0.36889552284124866,0.2967034173791787,0.482463909546965,0.07219210546206994,0.8513594323882137,3
MUSE,4,S2,,"(0.5, 0.6, 0.7)",s0,1.4715632025372876,1.2365631983397356,1.989179014402653,0.23500000419755196,3.4607422169399404,3
MUSE,4,Ar,,"(0.5, 0.6, 0.7)",sig2,9.460285990805785,1.0507207931596536,0.8230538030221126,8.409565197646131,10.283339793827897,3
MUSE,4,Ar,,"(0.5, 0.6, 0.7)",r0,0.05452431592595591,0.00718872651447397,0.0054432035181362845,0.04733558941148194,0.0599675194440922,3
MUSE,4,Ar,,"(0.5, 0.6, 0.7)",m,1.0742839230234866,0.10235208208809299,0.21621783121784022,0.9719318409353936,1.2905017542413268,3
MUSE,4,Ar,,"(0.5, 0.6, 0.7)",noise,0.6172253343794526,0.44651756597903225,0.988279736418385,0.17070776840042035,1.6055050707978376,3
MUSE,4,Ar,,"(0.5, 0.6, 0.7)",s0,0.9083267520049945,0.6733267414832619,2.539609946751581,0.23500001052173258,3.4479366987565756,3
MUSE,4,H,,"(0.5, 0.6, 0.7)",sig2,8.318076609776803,0.6604820846690727,0.5655202756268132,7.65759452510773,8.883596885403616,3
MUSE,4,H,,"(0.5, 0.6, 0.7)",r0,0.06723046268652437,0.006911875845992545,0.004423586843866553,0.060318586840531825,0.07165404953039092,3
MUSE,4,H,,"(0.5, 0.6, 0.7)",m,1.2863439167094466,0.07247372321487644,0.15065806912008672,1.2138701934945701,1.4370019858295333,3
MUSE,4,H,,"(0.5, 0.6, 0.7)",noise,0.18724462419903207,0.13570679309499728,0.37473233551414187,0.05153783110403479,0.561976959713174,3
MUSE,4,H,,"(0.5, 0.6, 0.7)",s0,0.8708146112080606,0.5628802952358236,2.5591176239831603,0.30793431597223697,3.429932235191221,3
MUSE,4,O,,"(0.5, 0.6, 0.7)",sig2,7.524705691344612,0.9488364648769059,0.8896787547491654,6.575869226467706,8.414384446093777,3
MUSE,4,O,,"(0.5, 0.6, 0.7)",r0,0.06408226577165187,0.01019617347849252,0.007992006427069084,0.05388609229315935,0.07207427219872095,3
MUSE,4,O,,"(0.5, 0.6, 0.7)",m,1.3053766945976075,0.13305552496734774,0.26954504765065956,1.1723211696302598,1.574921742248267,3
MUSE,4,O,,"(0.5, 0.6, 0.7)",noise,0.32580884380232256,0.22477354682012568,0.5329408212121503,0.10103529698219688,0.8587496650144728,3
MUSE,4,O,,"(0.5, 0.6, 0.7)",s0,0.6971789206640115,0.46217886291750865,2.7372282093655484,0.2350000577465029,3.4344071300295598,3
MUSE trim,2,N,,"(0.5, 0.6, 0.7)",sig2,9.997364853017748,0.6267983651221023,0.6034621887603642,9.370566487895646,10.600827041778112,3
MUSE trim,2,N,,"(0.5, 0.6, 0.7)",r0,0.045877969419937555,0.004392736518892791,0.005537618246828885,0.04148523290104476,0.05141558766676644,3
MUSE trim,2,N,,"(0.5, 0.6, 0.7)",m,0.8994642072327096,0.04145755273712015,0.04794879264192342,0.8580066544955894,0.947412999874633,3
MUSE trim,2,N,,"(0.5, 0.6, 0.7)",noise,0.5129141572769425,0.15128596227044555,0.38271219140312696,0.3616281950064969,0.8956263486800694,3
MUSE trim,2,N,,"(0.5, 0.6, 0.7)",s0,0.4236141976388554,0.16727539699795638,1.0972907968123442,0.256338800640899,1.5209049944511996,3
MUSE trim,2,H,,"(0.5, 0.6, 0.7)",sig2,11.571044747665796,0.9608209534290015,1.344787511944201,10.610223794236795,12.915832259609997,3
MUSE trim,2,H,,"(0.5, 0.6, 0.7)",r0,0.06531357464376801,0.007270434968575955,0.010158110738708676,0.058043139675192056,0.07547168538247669,3
MUSE trim,2,H,,"(0.5, 0.6, 0.7)",m,1.204112588426227,0.05765263449936109,0.06562452588799017,1.1464599539268658,1.269737114314217,3
MUSE trim,2,H,,"(0.5, 0.6, 0.7)",noise,0.5590778697452723,0.06993768486743723,0.13730156577650587,0.48914018487783506,0.6963794355217782,3
MUSE trim,2,H,,"(0.5, 0.6, 0.7)",s0,0.38908112773098513,0.14001086237722762,0.8415868367533123,0.2490702653537575,1.2306679644842973,3
MUSE trim,2,O,,"(0.5, 0.6, 0.7)",sig2,12.641275256002741,2.0335260469484613,3.4675300392146173,10.60774920905428,16.10880529521736,3
MUSE trim,2,O,,"(0.5, 0.6, 0.7)",r0,0.07659824024178673,0.016556474006848967,0.0295245385508435,0.06004176623493776,0.10612277879263023,3
MUSE trim,2,O,,"(0.5, 0.6, 0.7)",m,1.1337489975022048,0.09282326438046784,0.11081516381266554,1.040925733121737,1.2445641613148704,3
MUSE trim,2,O,,"(0.5, 0.6, 0.7)",noise,0.7442051861732383,0.13111422646504534,0.2311781686640274,0.6130909597081929,0.9753833548372657,3
MUSE trim,2,O,,"(0.5, 0.6, 0.7)",s0,0.4540054911277475,0.20063144677105568,1.2118506688788384,0.25337404435669186,1.665856160006586,3
KPNO,0,N,,"(0.5, 0.6, 0.7)",sig2,8.36592083443453,0.46584385215144497,0.46074853918823244,7.9000769822830845,8.826669373622762,3
KPNO,0,N,,"(0.5, 0.6, 0.7)",r0,0.04114781881385799,0.0033211778132794384,0.0035027161799709577,0.03782664100057855,0.04465053499382895,3
KPNO,0,N,,"(0.5, 0.6, 0.7)",m,1.0125419887416314,0.06955866226028729,0.06449933803003183,0.9429833264813441,1.0770413267716632,3
KPNO,0,N,,"(0.5, 0.6, 0.7)",noise,0.03457682486982177,0.009705492742029049,0.010331331995777765,0.02487133212779272,0.044908156865599534,3
KPNO,0,N,,"(0.5, 0.6, 0.7)",s0,2.2644538141128114,0.43998837268488405,0.5367163557908786,1.8244654414279273,2.80117016990369,3
KPNO,0,S,,"(0.5, 0.6, 0.7)",sig2,7.141589468948524,0.3224971520752318,0.2667348706178201,6.819092316873292,7.408324339566344,3
KPNO,0,S,,"(0.5, 0.6, 0.7)",r0,0.039747498726615905,0.0027081807022267673,0.0023704966832740135,0.03703931802438914,0.04211799540988992,3
KPNO,0,S,,"(0.5, 0.6, 0.7)",m,0.9944156965684091,0.03964124690103199,0.04791660184623836,0.9547744496673771,1.0423322984146475,3
KPNO,0,S,,"(0.5, 0.6, 0.7)",noise,0.06368632255079865,0.01869499584235023,0.013706679941762334,0.044991326708448416,0.07739300249256098,3
KPNO,0,S,,"(0.5, 0.6, 0.7)",s0,1.6616248639190054,0.35916693186556614,0.2981636961959367,1.3024579320534393,1.959788560114942,3
KPNO,0,H,,"(0.5, 0.6, 0.7)",sig2,11.074628662906598,0.30487325231756657,0.4901519261866003,10.769755410589031,11.564780589093198,3
KPNO,0,H,,"(0.5, 0.6, 0.7)",r0,0.06300264834363856,0.002321497127434638,0.003767590481702124,0.06068115121620392,0.06677023882534068,3
KPNO,0,H,,"(0.5, 0.6, 0.7)",m,1.2263798185655108,0.03439717952066723,0.02542774607580567,1.1919826390448436,1.2518075646413165,3
KPNO,0,H,,"(0.5, 0.6, 0.7)",noise,0.024504097488585046,0.004635885750801955,0.004586189586881954,0.019868211737783092,0.029090287075467,3
KPNO,0,H,,"(0.5, 0.6, 0.7)",s0,1.8138804192478457,0.2171381011961071,0.275786180004718,1.5967423180517386,2.089666599252564,3
KPNO,0,O,,"(0.5, 0.6, 0.7)",sig2,10.196648632429941,0.6074620935318258,0.7700825364982773,9.589186538898115,10.966731168928218,3
KPNO,0,O,,"(0.5, 0.6, 0.7)",r0,0.05952578384498578,0.004614765343603916,0.005987359195327523,0.054911018501381866,0.0655131430403133,3
KPNO,0,O,,"(0.5, 0.6, 0.7)",m,1.2436422318854812,0.05281169482948678,0.05440237944155357,1.1908305370559944,1.2980446113270347,3
KPNO,0,O,,"(0.5, 0.6, 0.7)",noise,0.020899368545777897,0.009680612052155634,0.0060585885049579645,0.011218756493622263,0.02695795705073586,3
KPNO,0,O,,"(0.5, 0.6, 0.7)",s0,1.6423052562938374,0.4398277780151044,0.38577156964974574,1.202477478278733,2.0280768259435833,3
